Ano-calendário;Competência;Orçamento;Descrição;Valor da Receita Tributária;Percentual do PIB
2002;Total dos Tributos União;União;Total da Receita Tributária;477725,6437;0,320882411
2002;Tributos do Governo Federal;Orçamento Fiscal;Tributos do Governo Federal;330496,8209;0,22199063
2002;Tributos do Governo Federal;Orçamento Fiscal;Orçamento Fiscal;117337,9936;0,07881448
2002;Tributos do Governo Federal;Orçamento Fiscal;Imposto de Renda - Total;83528,69112;0,05610519
2002;Tributos do Governo Federal;Orçamento Fiscal;Imposto de Renda - Pessoas Físicas;4078,31919;0,002739357
2002;Tributos do Governo Federal;Orçamento Fiscal;Imposto de Renda - Pessoas Jurídicas;31536,71663;0,021182823
2002;Tributos do Governo Federal;Orçamento Fiscal;Imposto de Renda - Retido na Fonte;47913,6553;0,03218301
2002;Tributos do Governo Federal;Orçamento Fiscal;Imposto sobre Produtos Industrializados;18486,11903;0,012416898
2002;Tributos do Governo Federal;Orçamento Fiscal;Imposto sobre Operações Financeiras;3993,526875;0,002682403
2002;Tributos do Governo Federal;Orçamento Fiscal;Impostos sobre o Comércio Exterior;7956,652394;0,005344385
2002;Tributos do Governo Federal;Orçamento Fiscal;Taxas Federais;1532,540862;0,001029389
2002;Tributos do Governo Federal;Orçamento Fiscal;Cota-Parte Ad Fr. Ren. Mar. Mercante;654,6948626;0,00043975
2002;Tributos do Governo Federal;Orçamento Fiscal;Contrib. Custeio Pensões Militares;995,1779242;0,000668449
2002;Tributos do Governo Federal;Orçamento Fiscal;Imposto Territorial Rural;190,5905133;0,000128017
2002;Tributos do Governo Federal;Orçamento Seguridade Social;Orçamento Seguridade Social;152100,1903;0,102163818
2002;Tributos do Governo Federal;Orçamento Seguridade Social;Contribuição para a Previdência Social;69965,05835;0,046994665
2002;Tributos do Governo Federal;Orçamento Seguridade Social;Cofins;50997,4717;0,034254371
2002;Tributos do Governo Federal;Orçamento Seguridade Social;Contribuição Social sobre o Lucro Líquido;12428,2203;0,008347882
2002;Tributos do Governo Federal;Orçamento Seguridade Social;Contribuição para o PIS/Pasep;12516,64309;0,008407274
2002;Tributos do Governo Federal;Orçamento Seguridade Social;Contrib. Seg. Soc. Servidor Público - CPSS;4369,006113;0,002934607
2002;Tributos do Governo Federal;Orçamento Seguridade Social;Contrib. s/ Receita de Concursos e Progn.;1053,680634;0,000707744
2002;Tributos do Governo Federal;Orçamento Seguridade Social;Contrib. Partic. Seguro DPVAT;694,3510666;0,000466387
2002;Tributos do Governo Federal;Orçamento Seguridade Social;Contribuições Rurais;75,75909626;5,09E-05
2002;Tributos do Governo Federal;Demais - Governo Federal;Demais;61058,63701;0,041012332
2002;Tributos do Governo Federal;Demais - Governo Federal;Contribuição para o FGTS;23847,75276;0,016018241
2002;Tributos do Governo Federal;Demais - Governo Federal;Salário Educação;3607,675528;0,002423231
2002;Tributos do Governo Federal;Demais - Governo Federal;Contribuições para o Sistema S;3292,03554;0,00221122
2002;Tributos do Governo Federal;Demais - Governo Federal;Cide Combustíveis;7582,698712;0,005093205
2002;Tributos do Governo Federal;Demais - Governo Federal;Cide Remessas;295,2483389;0,000198315
2002;Tributos do Governo Federal;Demais - Governo Federal;Outras Contribuições Federais;20992,00347;0,014100069
2002;Tributos do Governo Federal;Demais - Governo Federal;Contr. s/ Rec. Empr. Telecomun.;602,4169525;0,000404636
2002;Tributos do Governo Federal;Demais - Governo Federal;Dívida Ativa Outros Trib. e Contrib.;504,0554454;0,000338568
2002;Tributos do Governo Federal;Demais - Governo Federal;Contrib. S/Rec.Concess.Permiss.Energ.Elet.;189,7170891;0,000127431
2002;Tributos do Governo Federal;Demais - Governo Federal;Cota-Parte Contrib. Sindical;145,0331823;9,74E-05
2002;Tributos do Governo Estadual;Governo Estadual;Tributos do Governo Estadual;124003,9329;0,083291909
2002;Tributos do Governo Estadual;Governo Estadual;ICMS;104168,3333;0,069968582
2002;Tributos do Governo Estadual;Governo Estadual;IPVA;6952,997329;0,004670242
2002;Tributos do Governo Estadual;Governo Estadual;ITCD;510,2348253;0,000342718
2002;Tributos do Governo Estadual;Governo Estadual;Contrib. Regime Próprio Previd. Est.;7368,773095;0,004949514
2002;Tributos do Governo Estadual;Governo Estadual;Outros Tributos Estaduais;5003,59426;0,003360852
2002;Tributos do Governo Municipal;Governo Municipal;Tributos do Governo Municipal;23224,88993;0,015599872
2002;Tributos do Governo Municipal;Governo Municipal;ISS;9028,500062;0,006064332
2002;Tributos do Governo Municipal;Governo Municipal;IPTU;7711,141815;0,005179479
2002;Tributos do Governo Municipal;Governo Municipal;ITBI;1678,335699;0,001127317
2002;Tributos do Governo Municipal;Governo Municipal;Contrib. Regime Próprio Previd. Mun.;1821,771846;0,001223662
2002;Tributos do Governo Municipal;Governo Municipal;Outros Tributos Municipais;2985,140512;0,002005082
2003;Total dos Tributos União;União;Total da Receita Tributária;539229,7376;0,31387969
2003;Tributos do Governo Federal;Orçamento Fiscal;Tributos do Governo Federal;369822,0652;0,21526935
2003;Tributos do Governo Federal;Orçamento Fiscal;Orçamento Fiscal;125222,8939;0,072890867
2003;Tributos do Governo Federal;Orçamento Fiscal;Imposto de Renda - Total;91220,07157;0,053098199
2003;Tributos do Governo Federal;Orçamento Fiscal;Imposto de Renda - Pessoas Físicas;4747,819909;0,002763654
2003;Tributos do Governo Federal;Orçamento Fiscal;Imposto de Renda - Pessoas Jurídicas;30810,82726;0,017934643
2003;Tributos do Governo Federal;Orçamento Fiscal;Imposto de Renda - Retido na Fonte;55661,4244;0,032399902
2003;Tributos do Governo Federal;Orçamento Fiscal;Imposto sobre Produtos Industrializados;17769,59311;0,010343484
2003;Tributos do Governo Federal;Orçamento Fiscal;Imposto sobre Operações Financeiras;4420,933437;0,002573377
2003;Tributos do Governo Federal;Orçamento Fiscal;Impostos sobre o Comércio Exterior;8130,635079;0,004732753
2003;Tributos do Governo Federal;Orçamento Fiscal;Taxas Federais;1792,24651;0,001043247
2003;Tributos do Governo Federal;Orçamento Fiscal;Cota-Parte Ad Fr. Ren. Mar. Mercante;689,1842512;0,000401167
2003;Tributos do Governo Federal;Orçamento Fiscal;Contrib. Custeio Pensões Militares;967,1411542;0,000562962
2003;Tributos do Governo Federal;Orçamento Fiscal;Imposto Territorial Rural;233,0887779;0,000135678
2003;Tributos do Governo Federal;Orçamento Seguridade Social;Orçamento Seguridade Social;176541,6097;0,102762926
2003;Tributos do Governo Federal;Orçamento Seguridade Social;Contribuição para a Previdência Social;79687,35954;0,046385134
2003;Tributos do Governo Federal;Orçamento Seguridade Social;Cofins;58086,51316;0,033811519
2003;Tributos do Governo Federal;Orçamento Seguridade Social;Contribuição Social sobre o Lucro Líquido;15701,39745;0,00913961
2003;Tributos do Governo Federal;Orçamento Seguridade Social;Contribuição para o PIS/Pasep;16614,67041;0,009671217
2003;Tributos do Governo Federal;Orçamento Seguridade Social;Contrib. Seg. Soc. Servidor Público - CPSS;4313,692263;0,002510953
2003;Tributos do Governo Federal;Orçamento Seguridade Social;Contrib. s/ Receita de Concursos e Progn.;1276,980408;0,000743316
2003;Tributos do Governo Federal;Orçamento Seguridade Social;Contrib. Partic. Seguro DPVAT;772,0317191;0,000449391
2003;Tributos do Governo Federal;Orçamento Seguridade Social;Contribuições Rurais;88,96470674;5,18E-05
2003;Tributos do Governo Federal;Demais - Governo Federal;Demais;68057,56162;0,039615557
2003;Tributos do Governo Federal;Demais - Governo Federal;Contribuição para o FGTS;26974,22624;0,0157014
2003;Tributos do Governo Federal;Demais - Governo Federal;Salário Educação;3983,631019;0,002318828
2003;Tributos do Governo Federal;Demais - Governo Federal;Contribuições para o Sistema S;3838,210571;0,00223418
2003;Tributos do Governo Federal;Demais - Governo Federal;Cide Combustíveis;8405,895652;0,004892979
2003;Tributos do Governo Federal;Demais - Governo Federal;Cide Remessas;479,0189521;0,000278832
2003;Tributos do Governo Federal;Demais - Governo Federal;Outras Contribuições Federais;23332,97791;0,013581869
2003;Tributos do Governo Federal;Demais - Governo Federal;Contr. s/ Rec. Empr. Telecomun.;644,7510041;0,000375302
2003;Tributos do Governo Federal;Demais - Governo Federal;Dívida Ativa Outros Trib. e Contrib.;51,40773928;2,99E-05
2003;Tributos do Governo Federal;Demais - Governo Federal;Contrib. S/Rec.Concess.Permiss.Energ.Elet.;178,2275028;0,000103744
2003;Tributos do Governo Federal;Demais - Governo Federal;Cota-Parte Contrib. Sindical;169,2150319;9,85E-05
2003;Tributos do Governo Estadual;Governo Estadual;Tributos do Governo Estadual;142280,7609;0,082820063
2003;Tributos do Governo Estadual;Governo Estadual;ICMS;118910,695;0,069216606
2003;Tributos do Governo Estadual;Governo Estadual;IPVA;7657,020538;0,004457067
2003;Tributos do Governo Estadual;Governo Estadual;ITCD;873,1107554;0,000508228
2003;Tributos do Governo Estadual;Governo Estadual;Contrib. Regime Próprio Previd. Est.;8219,821442;0,004784668
2003;Tributos do Governo Estadual;Governo Estadual;Outros Tributos Estaduais;6620,11313;0,003853495
2003;Tributos do Governo Municipal;Governo Municipal;Tributos do Governo Municipal;27126,91156;0,015790276
2003;Tributos do Governo Municipal;Governo Municipal;ISS;10284,83067;0,005986687
2003;Tributos do Governo Municipal;Governo Municipal;IPTU;8861,348659;0,005158093
2003;Tributos do Governo Municipal;Governo Municipal;ITBI;1764,296313;0,001026977
2003;Tributos do Governo Municipal;Governo Municipal;Contrib. Regime Próprio Previd. Mun.;2318,67898;0,001349677
2003;Tributos do Governo Municipal;Governo Municipal;Outros Tributos Municipais;3897,756938;0,002268841
2004;Total dos Tributos União;União;Total da Receita Tributária;633391,2037;0,323529976
2004;Tributos do Governo Federal;Orçamento Fiscal;Tributos do Governo Federal;435190,6845;0,222291107
2004;Tributos do Governo Federal;Orçamento Fiscal;Orçamento Fiscal;140477,129;0,071754331
2004;Tributos do Governo Federal;Orçamento Fiscal;Imposto de Renda - Total;100360,0459;0,051262921
2004;Tributos do Governo Federal;Orçamento Fiscal;Imposto de Renda - Pessoas Físicas;5778,053004;0,002951372
2004;Tributos do Governo Federal;Orçamento Fiscal;Imposto de Renda - Pessoas Jurídicas;35223,73567;0,017991937
2004;Tributos do Governo Federal;Orçamento Fiscal;Imposto de Renda - Retido na Fonte;59358,25724;0,030319612
2004;Tributos do Governo Federal;Orçamento Fiscal;Imposto sobre Produtos Industrializados;21066,36759;0,010760493
2004;Tributos do Governo Federal;Orçamento Fiscal;Imposto sobre Operações Financeiras;5232,586376;0,002672753
2004;Tributos do Governo Federal;Orçamento Fiscal;Impostos sobre o Comércio Exterior;9216,98091;0,004707943
2004;Tributos do Governo Federal;Orçamento Fiscal;Taxas Federais;2266,087605;0,001157495
2004;Tributos do Governo Federal;Orçamento Fiscal;Cota-Parte Ad Fr. Ren. Mar. Mercante;1075,640262;0,000549426
2004;Tributos do Governo Federal;Orçamento Fiscal;Contrib. Custeio Pensões Militares;1016,083999;0,000519006
2004;Tributos do Governo Federal;Orçamento Fiscal;Imposto Territorial Rural;243,3363608;0,000124294
2004;Tributos do Governo Federal;Orçamento Seguridade Social;Orçamento Seguridade Social;219020,7492;0,111873637
2004;Tributos do Governo Federal;Orçamento Seguridade Social;Contribuição para a Previdência Social;93614,86895;0,047817551
2004;Tributos do Governo Federal;Orçamento Seguridade Social;Cofins;77402,34673;0,039536355
2004;Tributos do Governo Federal;Orçamento Seguridade Social;Contribuição Social sobre o Lucro Líquido;19339,91433;0,009878637
2004;Tributos do Governo Federal;Orçamento Seguridade Social;Contribuição para o PIS/Pasep;19321,13774;0,009869046
2004;Tributos do Governo Federal;Orçamento Seguridade Social;Contrib. Seg. Soc. Servidor Público - CPSS;6906,462659;0,003527753
2004;Tributos do Governo Federal;Orçamento Seguridade Social;Contrib. s/ Receita de Concursos e Progn.;1521,302606;0,000777066
2004;Tributos do Governo Federal;Orçamento Seguridade Social;Contrib. Partic. Seguro DPVAT;799,0669312;0,000408156
2004;Tributos do Governo Federal;Orçamento Seguridade Social;Contribuições Rurais;115,649277;5,91E-05
2004;Tributos do Governo Federal;Demais - Governo Federal;Demais;75692,80629;0,038663138
2004;Tributos do Governo Federal;Demais - Governo Federal;Contribuição para o FGTS;29821,35115;0,015232452
2004;Tributos do Governo Federal;Demais - Governo Federal;Salário Educação;4802,386771;0,002453012
2004;Tributos do Governo Federal;Demais - Governo Federal;Contribuições para o Sistema S;4794,562539;0,002449015
2004;Tributos do Governo Federal;Demais - Governo Federal;Cide Combustíveis;7815,980797;0,003992326
2004;Tributos do Governo Federal;Demais - Governo Federal;Cide Remessas;544,9125461;0,000278336
2004;Tributos do Governo Federal;Demais - Governo Federal;Outras Contribuições Federais;26730,3824;0,013653616
2004;Tributos do Governo Federal;Demais - Governo Federal;Contr. s/ Rec. Empr. Telecomun.;730,5701624;0,000373168
2004;Tributos do Governo Federal;Demais - Governo Federal;Dívida Ativa Outros Trib. e Contrib.;102,2268134;5,22E-05
2004;Tributos do Governo Federal;Demais - Governo Federal;Contrib. S/Rec.Concess.Permiss.Energ.Elet.;198,8437062;0,000101567
2004;Tributos do Governo Federal;Demais - Governo Federal;Cota-Parte Contrib. Sindical;151,5894066;7,74E-05
2004;Tributos do Governo Estadual;Governo Estadual;Tributos do Governo Estadual;166015,9601;0,084799314
2004;Tributos do Governo Estadual;Governo Estadual;ICMS;138006,9168;0,070492571
2004;Tributos do Governo Estadual;Governo Estadual;IPVA;8829,081123;0,004509808
2004;Tributos do Governo Estadual;Governo Estadual;ITCD;736,9079931;0,000376405
2004;Tributos do Governo Estadual;Governo Estadual;Contrib. Regime Próprio Previd. Est.;10789,07079;0,005510951
2004;Tributos do Governo Estadual;Governo Estadual;Outros Tributos Estaduais;7653,983362;0,003909579
2004;Tributos do Governo Municipal;Governo Municipal;Tributos do Governo Municipal;32184,55908;0,016439555
2004;Tributos do Governo Municipal;Governo Municipal;ISS;12551,67318;0,006411271
2004;Tributos do Governo Municipal;Governo Municipal;IPTU;9886,334345;0,005049842
2004;Tributos do Governo Municipal;Governo Municipal;ITBI;1902,742613;0,000971902
2004;Tributos do Governo Municipal;Governo Municipal;Contrib. Regime Próprio Previd. Mun.;2892,175711;0,001477295
2004;Tributos do Governo Municipal;Governo Municipal;Outros Tributos Municipais;4951,633228;0,002529245
2005;Total dos Tributos União;União;Total da Receita Tributária;727944,2551;0,335367849
2005;Tributos do Governo Federal;Orçamento Fiscal;Tributos do Governo Federal;506032,6778;0,233131987
2005;Tributos do Governo Federal;Orçamento Fiscal;Orçamento Fiscal;168242,7257;0,077510332
2005;Tributos do Governo Federal;Orçamento Fiscal;Imposto de Renda - Total;124062,7979;0,057156401
2005;Tributos do Governo Federal;Orçamento Fiscal;Imposto de Renda - Pessoas Físicas;6896,152196;0,003177095
2005;Tributos do Governo Federal;Orçamento Fiscal;Imposto de Renda - Pessoas Jurídicas;47454,67343;0,021862624
2005;Tributos do Governo Federal;Orçamento Fiscal;Imposto de Renda - Retido na Fonte;69711,97223;0,032116682
2005;Tributos do Governo Federal;Orçamento Fiscal;Imposto sobre Produtos Industrializados;24078,18322;0,011092949
2005;Tributos do Governo Federal;Orçamento Fiscal;Imposto sobre Operações Financeiras;5966,364846;0,002748736
2005;Tributos do Governo Federal;Orçamento Fiscal;Impostos sobre o Comércio Exterior;8942,694094;0,004119947
2005;Tributos do Governo Federal;Orçamento Fiscal;Taxas Federais;2874,720872;0,001324399
2005;Tributos do Governo Federal;Orçamento Fiscal;Cota-Parte Ad Fr. Ren. Mar. Mercante;983,5810864;0,000453141
2005;Tributos do Governo Federal;Orçamento Fiscal;Contrib. Custeio Pensões Militares;1061,42492;0,000489004
2005;Tributos do Governo Federal;Orçamento Fiscal;Imposto Territorial Rural;272,9588496;0,000125754
2005;Tributos do Governo Federal;Orçamento Seguridade Social;Orçamento Seguridade Social;253059,4455;0,116585853
2005;Tributos do Governo Federal;Orçamento Seguridade Social;Contribuição para a Previdência Social;106948,1209;0,049271577
2005;Tributos do Governo Federal;Orçamento Seguridade Social;Cofins;86677,54016;0,039932811
2005;Tributos do Governo Federal;Orçamento Seguridade Social;Contribuição Social sobre o Lucro Líquido;25000,64978;0,011517934
2005;Tributos do Governo Federal;Orçamento Seguridade Social;Contribuição para o PIS/Pasep;21340,44059;0,009831656
2005;Tributos do Governo Federal;Orçamento Seguridade Social;Contrib. Seg. Soc. Servidor Público - CPSS;10435,14219;0,004807526
2005;Tributos do Governo Federal;Orçamento Seguridade Social;Contrib. s/ Receita de Concursos e Progn.;1564,27566;0,00072067
2005;Tributos do Governo Federal;Orçamento Seguridade Social;Contrib. Partic. Seguro DPVAT;994,58099;0,000458209
2005;Tributos do Governo Federal;Orçamento Seguridade Social;Contribuições Rurais;98,69518187;4,55E-05
2005;Tributos do Governo Federal;Demais - Governo Federal;Demais;84730,50661;0,039035802
2005;Tributos do Governo Federal;Demais - Governo Federal;Contribuição para o FGTS;35131,93771;0,016185473
2005;Tributos do Governo Federal;Demais - Governo Federal;Salário Educação;5761,649807;0,002654423
2005;Tributos do Governo Federal;Demais - Governo Federal;Contribuições para o Sistema S;4470,234565;0,002059461
2005;Tributos do Governo Federal;Demais - Governo Federal;Cide Combustíveis;7681,339739;0,003538835
2005;Tributos do Governo Federal;Demais - Governo Federal;Cide Remessas;633,1921176;0,000291715
2005;Tributos do Governo Federal;Demais - Governo Federal;Outras Contribuições Federais;29541,41357;0,013609889
2005;Tributos do Governo Federal;Demais - Governo Federal;Contr. s/ Rec. Empr. Telecomun.;795,1770326;0,000366342
2005;Tributos do Governo Federal;Demais - Governo Federal;Dívida Ativa Outros Trib. e Contrib.;273,8527299;0,000126165
2005;Tributos do Governo Federal;Demais - Governo Federal;Contrib. S/Rec.Concess.Permiss.Energ.Elet.;200,7823327;9,25E-05
2005;Tributos do Governo Federal;Demais - Governo Federal;Cota-Parte Contrib. Sindical;240,9270004;0,000110996
2005;Tributos do Governo Estadual;Governo Estadual;Tributos do Governo Estadual;186120,6279;0,085746778
2005;Tributos do Governo Estadual;Governo Estadual;ICMS;153975,5535;0,070937369
2005;Tributos do Governo Estadual;Governo Estadual;IPVA;10406,3482;0,004794261
2005;Tributos do Governo Estadual;Governo Estadual;ITCD;816,4920933;0,000376162
2005;Tributos do Governo Estadual;Governo Estadual;Contrib. Regime Próprio Previd. Est.;12020,43011;0,005537877
2005;Tributos do Governo Estadual;Governo Estadual;Outros Tributos Estaduais;8901,803984;0,004101109
2005;Tributos do Governo Municipal;Governo Municipal;Tributos do Governo Municipal;35790,94943;0,016489084
2005;Tributos do Governo Municipal;Governo Municipal;ISS;14816,69948;0,006826133
2005;Tributos do Governo Municipal;Governo Municipal;IPTU;10752,77803;0,004953863
2005;Tributos do Governo Municipal;Governo Municipal;ITBI;2201,380472;0,001014188
2005;Tributos do Governo Municipal;Governo Municipal;Contrib. Regime Próprio Previd. Mun.;2700,935018;0,001244335
2005;Tributos do Governo Municipal;Governo Municipal;Outros Tributos Municipais;5319,156439;0,002450564
2006;Total dos Tributos União;União;Total da Receita Tributária;802036,0371;0,332871013
2006;Tributos do Governo Federal;Orçamento Fiscal;Tributos do Governo Federal;555022,7189;0,230352461
2006;Tributos do Governo Federal;Orçamento Fiscal;Orçamento Fiscal;184914,1466;0,076745379
2006;Tributos do Governo Federal;Orçamento Fiscal;Imposto de Renda - Total;135719,3664;0,056327947
2006;Tributos do Governo Federal;Orçamento Fiscal;Imposto de Renda - Pessoas Físicas;7914,276666;0,003284682
2006;Tributos do Governo Federal;Orçamento Fiscal;Imposto de Renda - Pessoas Jurídicas;51954,76216;0,021562914
2006;Tributos do Governo Federal;Orçamento Fiscal;Imposto de Renda - Retido na Fonte;75850,32761;0,03148035
2006;Tributos do Governo Federal;Orçamento Fiscal;Imposto sobre Produtos Industrializados;26863,24141;0,011149118
2006;Tributos do Governo Federal;Orçamento Fiscal;Imposto sobre Operações Financeiras;6739,783381;0,002797229
2006;Tributos do Governo Federal;Orçamento Fiscal;Impostos sobre o Comércio Exterior;9859,601198;0,004092055
2006;Tributos do Governo Federal;Orçamento Fiscal;Taxas Federais;3254,920063;0,001350898
2006;Tributos do Governo Federal;Orçamento Fiscal;Cota-Parte Ad Fr. Ren. Mar. Mercante;910,4872117;0,000377882
2006;Tributos do Governo Federal;Orçamento Fiscal;Contrib. Custeio Pensões Militares;1276,455258;0,00052977
2006;Tributos do Governo Federal;Orçamento Fiscal;Imposto Territorial Rural;290,2916851;0,00012048
2006;Tributos do Governo Federal;Orçamento Seguridade Social;Orçamento Seguridade Social;275885,1346;0,114501294
2006;Tributos do Governo Federal;Orçamento Seguridade Social;Contribuição para a Previdência Social;121372,8656;0,050373683
2006;Tributos do Governo Federal;Orçamento Seguridade Social;Cofins;89302,60882;0,037063484
2006;Tributos do Governo Federal;Orçamento Seguridade Social;Contribuição Social sobre o Lucro Líquido;26639,9108;0,011056429
2006;Tributos do Governo Federal;Orçamento Seguridade Social;Contribuição para o PIS/Pasep;23460,65113;0,009736932
2006;Tributos do Governo Federal;Orçamento Seguridade Social;Contrib. Seg. Soc. Servidor Público - CPSS;11996,34443;0,004978873
2006;Tributos do Governo Federal;Orçamento Seguridade Social;Contrib. s/ Receita de Concursos e Progn.;1532,960496;0,000636228
2006;Tributos do Governo Federal;Orçamento Seguridade Social;Contrib. Partic. Seguro DPVAT;1450,311564;0,000601926
2006;Tributos do Governo Federal;Orçamento Seguridade Social;Contribuições Rurais;129,4818278;5,37E-05
2006;Tributos do Governo Federal;Demais - Governo Federal;Demais;94223,43761;0,039105788
2006;Tributos do Governo Federal;Demais - Governo Federal;Contribuição para o FGTS;39336,72815;0,01632602
2006;Tributos do Governo Federal;Demais - Governo Federal;Salário Educação;6925,957468;0,002874497
2006;Tributos do Governo Federal;Demais - Governo Federal;Contribuições para o Sistema S;5532,973473;0,002296364
2006;Tributos do Governo Federal;Demais - Governo Federal;Cide Combustíveis;7820,948553;0,003245948
2006;Tributos do Governo Federal;Demais - Governo Federal;Cide Remessas;662,7060507;0,000275045
2006;Tributos do Governo Federal;Demais - Governo Federal;Outras Contribuições Federais;32322,84417;0,01341503
2006;Tributos do Governo Federal;Demais - Governo Federal;Contr. s/ Rec. Empr. Telecomun.;804,3215976;0,00033382
2006;Tributos do Governo Federal;Demais - Governo Federal;Dívida Ativa Outros Trib. e Contrib.;308,352649;0,000127976
2006;Tributos do Governo Federal;Demais - Governo Federal;Contrib. S/Rec.Concess.Permiss.Energ.Elet.;258,6269815;0,000107339
2006;Tributos do Governo Federal;Demais - Governo Federal;Cota-Parte Contrib. Sindical;249,9785252;0,000103749
2006;Tributos do Governo Estadual;Governo Estadual;Tributos do Governo Estadual;205967,7093;0,085483291
2006;Tributos do Governo Estadual;Governo Estadual;ICMS;170008,6073;0,070559096
2006;Tributos do Governo Estadual;Governo Estadual;IPVA;12309,34713;0,005108779
2006;Tributos do Governo Estadual;Governo Estadual;ITCD;968,9700489;0,000402154
2006;Tributos do Governo Estadual;Governo Estadual;Contrib. Regime Próprio Previd. Est.;12370,62428;0,005134211
2006;Tributos do Governo Estadual;Governo Estadual;Outros Tributos Estaduais;10310,16059;0,004279052
2006;Tributos do Governo Municipal;Governo Municipal;Tributos do Governo Municipal;41045,60882;0,017035261
2006;Tributos do Governo Municipal;Governo Municipal;ISS;17848,67094;0,007407778
2006;Tributos do Governo Municipal;Governo Municipal;IPTU;11815,19403;0,004903689
2006;Tributos do Governo Municipal;Governo Municipal;ITBI;2632,183116;0,001092442
2006;Tributos do Governo Municipal;Governo Municipal;Contrib. Regime Próprio Previd. Mun.;3006,485066;0,001247789
2006;Tributos do Governo Municipal;Governo Municipal;Outros Tributos Municipais;5743,075665;0,002383563
2007;Total dos Tributos União;União;Total da Receita Tributária;915110,207;0,336405056
2007;Tributos do Governo Federal;Orçamento Fiscal;Tributos do Governo Federal;640262,0508;0,235367707
2007;Tributos do Governo Federal;Orçamento Fiscal;Orçamento Fiscal;217613,4383;0,079997207
2007;Tributos do Governo Federal;Orçamento Fiscal;Imposto de Renda - Total;159759,4513;0,058729415
2007;Tributos do Governo Federal;Orçamento Fiscal;Imposto de Renda - Pessoas Físicas;12705,53124;0,0046707
2007;Tributos do Governo Federal;Orçamento Fiscal;Imposto de Renda - Pessoas Jurídicas;65766,9453;0,024176687
2007;Tributos do Governo Federal;Orçamento Fiscal;Imposto de Renda - Retido na Fonte;81286,97477;0,029882029
2007;Tributos do Governo Federal;Orçamento Fiscal;Imposto sobre Produtos Industrializados;31298,31901;0,011505623
2007;Tributos do Governo Federal;Orçamento Fiscal;Imposto sobre Operações Financeiras;7817,741856;0,002873892
2007;Tributos do Governo Federal;Orçamento Fiscal;Impostos sobre o Comércio Exterior;12217,9285;0,004491451
2007;Tributos do Governo Federal;Orçamento Fiscal;Taxas Federais;3517,436819;0,00129305
2007;Tributos do Governo Federal;Orçamento Fiscal;Cota-Parte Ad Fr. Ren. Mar. Mercante;1380,926689;0,000507645
2007;Tributos do Governo Federal;Orçamento Fiscal;Contrib. Custeio Pensões Militares;1304,282637;0,000479469
2007;Tributos do Governo Federal;Orçamento Fiscal;Imposto Territorial Rural;317,3514908;0,000116662
2007;Tributos do Governo Federal;Orçamento Seguridade Social;Orçamento Seguridade Social;316326,5567;0,116285287
2007;Tributos do Governo Federal;Orçamento Seguridade Social;Contribuição para a Previdência Social;138370,3744;0,050866544
2007;Tributos do Governo Federal;Orçamento Seguridade Social;Cofins;100946,4178;0,037109066
2007;Tributos do Governo Federal;Orçamento Seguridade Social;Contribuição Social sobre o Lucro Líquido;33294,66868;0,012239504
2007;Tributos do Governo Federal;Orçamento Seguridade Social;Contribuição para o PIS/Pasep;25862,1252;0,009507215
2007;Tributos do Governo Federal;Orçamento Seguridade Social;Contrib. Seg. Soc. Servidor Público - CPSS;13912,09492;0,005114246
2007;Tributos do Governo Federal;Orçamento Seguridade Social;Contrib. s/ Receita de Concursos e Progn.;1890,938174;0,000695131
2007;Tributos do Governo Federal;Orçamento Seguridade Social;Contrib. Partic. Seguro DPVAT;1895,712452;0,000696886
2007;Tributos do Governo Federal;Orçamento Seguridade Social;Contribuições Rurais;154,2251437;5,67E-05
2007;Tributos do Governo Federal;Demais - Governo Federal;Demais;106322,0557;0,039085213
2007;Tributos do Governo Federal;Demais - Governo Federal;Contribuição para o FGTS;43601,49579;0,016028412
2007;Tributos do Governo Federal;Demais - Governo Federal;Salário Educação;7088,550548;0,002605833
2007;Tributos do Governo Federal;Demais - Governo Federal;Contribuições para o Sistema S;6591,550171;0,00242313
2007;Tributos do Governo Federal;Demais - Governo Federal;Cide Combustíveis;7942,665244;0,002919815
2007;Tributos do Governo Federal;Demais - Governo Federal;Cide Remessas;804,8638909;0,000295877
2007;Tributos do Governo Federal;Demais - Governo Federal;Outras Contribuições Federais;36793,34977;0,013525659
2007;Tributos do Governo Federal;Demais - Governo Federal;Contr. s/ Rec. Empr. Telecomun.;935,2753319;0,000343818
2007;Tributos do Governo Federal;Demais - Governo Federal;Dívida Ativa Outros Trib. e Contrib.;1553,994314;0,000571266
2007;Tributos do Governo Federal;Demais - Governo Federal;Contrib. S/Rec.Concess.Permiss.Energ.Elet.;722,7368179;0,000265686
2007;Tributos do Governo Federal;Demais - Governo Federal;Cota-Parte Contrib. Sindical;287,5738661;0,000105715
2007;Tributos do Governo Estadual;Governo Estadual;Tributos do Governo Estadual;227860,1585;0,08376402
2007;Tributos do Governo Estadual;Governo Estadual;ICMS;187189,991;0,068813198
2007;Tributos do Governo Estadual;Governo Estadual;IPVA;14626,85764;0,005377001
2007;Tributos do Governo Estadual;Governo Estadual;ITCD;1207,208727;0,000443784
2007;Tributos do Governo Estadual;Governo Estadual;Contrib. Regime Próprio Previd. Est.;13420,00884;0,00493335
2007;Tributos do Governo Estadual;Governo Estadual;Outros Tributos Estaduais;11416,09232;0,004196687
2007;Tributos do Governo Municipal;Governo Municipal;Tributos do Governo Municipal;46987,99769;0,017273329
2007;Tributos do Governo Municipal;Governo Municipal;ISS;20673,45311;0,0075998
2007;Tributos do Governo Municipal;Governo Municipal;IPTU;12822,26103;0,004713611
2007;Tributos do Governo Municipal;Governo Municipal;ITBI;3382,586632;0,001243478
2007;Tributos do Governo Municipal;Governo Municipal;Contrib. Regime Próprio Previd. Mun.;3899,746897;0,001433592
2007;Tributos do Governo Municipal;Governo Municipal;Outros Tributos Municipais;6209,950022;0,002282849
2008;Total dos Tributos União;União;Total da Receita Tributária;1041894,047;0,335035376
2008;Tributos do Governo Federal;Orçamento Fiscal;Tributos do Governo Federal;722749,412;0,232410024
2008;Tributos do Governo Federal;Orçamento Fiscal;Orçamento Fiscal;275442,7074;0,088572395
2008;Tributos do Governo Federal;Orçamento Fiscal;Imposto de Renda - Total;193062,2845;0,062081836
2008;Tributos do Governo Federal;Orçamento Fiscal;Imposto de Renda - Pessoas Físicas;13913,51033;0,004474081
2008;Tributos do Governo Federal;Orçamento Fiscal;Imposto de Renda - Pessoas Jurídicas;78694,33715;0,025305248
2008;Tributos do Governo Federal;Orçamento Fiscal;Imposto de Renda - Retido na Fonte;100454,437;0,032302507
2008;Tributos do Governo Federal;Orçamento Fiscal;Imposto sobre Produtos Industrializados;36730,18063;0,011811095
2008;Tributos do Governo Federal;Orçamento Fiscal;Imposto sobre Operações Financeiras;20168,48148;0,006485453
2008;Tributos do Governo Federal;Orçamento Fiscal;Impostos sobre o Comércio Exterior;17103,99725;0,005500026
2008;Tributos do Governo Federal;Orçamento Fiscal;Taxas Federais;4157,764572;0,001336986
2008;Tributos do Governo Federal;Orçamento Fiscal;Cota-Parte Ad Fr. Ren. Mar. Mercante;2305,042064;0,000741218
2008;Tributos do Governo Federal;Orçamento Fiscal;Contrib. Custeio Pensões Militares;1512,857015;0,00048648
2008;Tributos do Governo Federal;Orçamento Fiscal;Imposto Territorial Rural;402,0999036;0,000129301
2008;Tributos do Governo Federal;Orçamento Seguridade Social;Orçamento Seguridade Social;371108,0012;0,119334887
2008;Tributos do Governo Federal;Orçamento Seguridade Social;Contribuição para a Previdência Social;159601,1665;0,051321953
2008;Tributos do Governo Federal;Orçamento Seguridade Social;Cofins;118716,7255;0,038174998
2008;Tributos do Governo Federal;Orçamento Seguridade Social;Contribuição Social sobre o Lucro Líquido;41784,21677;0,01343629
2008;Tributos do Governo Federal;Orçamento Seguridade Social;Contribuição para o PIS/Pasep;30410,19309;0,009778816
2008;Tributos do Governo Federal;Orçamento Seguridade Social;Contrib. Seg. Soc. Servidor Público - CPSS;16068,45583;0,005167033
2008;Tributos do Governo Federal;Orçamento Seguridade Social;Contrib. s/ Receita de Concursos e Progn.;2048,547556;0,000658739
2008;Tributos do Governo Federal;Orçamento Seguridade Social;Contrib. Partic. Seguro DPVAT;2306,82458;0,000741791
2008;Tributos do Governo Federal;Orçamento Seguridade Social;Contribuições Rurais;171,8713158;5,53E-05
2008;Tributos do Governo Federal;Demais - Governo Federal;Demais;76198,70349;0,024502742
2008;Tributos do Governo Federal;Demais - Governo Federal;Contribuição para o FGTS;50517,60401;0,016244631
2008;Tributos do Governo Federal;Demais - Governo Federal;Salário Educação;8776,362279;0,00282216
2008;Tributos do Governo Federal;Demais - Governo Federal;Contribuições para o Sistema S;7826,379502;0,00251668
2008;Tributos do Governo Federal;Demais - Governo Federal;Cide Combustíveis;5927,385213;0,001906032
2008;Tributos do Governo Federal;Demais - Governo Federal;Cide Remessas;916,9175366;0,000294847
2008;Tributos do Governo Federal;Demais - Governo Federal;Outras Contribuições Federais;1500,20041;0,00048241
2008;Tributos do Governo Federal;Demais - Governo Federal;Contr. s/ Rec. Empr. Telecomun.;1065,337104;0,000342574
2008;Tributos do Governo Federal;Demais - Governo Federal;Dívida Ativa Outros Trib. e Contrib.;-1049,915248;-0,000337615
2008;Tributos do Governo Federal;Demais - Governo Federal;Contrib. S/Rec.Concess.Permiss.Energ.Elet.;419,0062975;0,000134737
2008;Tributos do Governo Federal;Demais - Governo Federal;Cota-Parte Contrib. Sindical;299,4263936;9,63E-05
2008;Tributos do Governo Estadual;Governo Estadual;Tributos do Governo Estadual;265379,9637;0,085336581
2008;Tributos do Governo Estadual;Governo Estadual;ICMS;222037,239;0,071399131
2008;Tributos do Governo Estadual;Governo Estadual;IPVA;17035,37404;0,005477959
2008;Tributos do Governo Estadual;Governo Estadual;ITCD;1491,495062;0,000479611
2008;Tributos do Governo Estadual;Governo Estadual;Contrib. Regime Próprio Previd. Est.;11380,16836;0,00365945
2008;Tributos do Governo Estadual;Governo Estadual;Outros Tributos Estaduais;13435,68729;0,00432043
2008;Tributos do Governo Municipal;Governo Municipal;Tributos do Governo Municipal;53764,67159;0,01728877
2008;Tributos do Governo Municipal;Governo Municipal;ISS;24988,77383;0,008035484
2008;Tributos do Governo Municipal;Governo Municipal;IPTU;13802,07082;0,004438246
2008;Tributos do Governo Municipal;Governo Municipal;ITBI;4253,339941;0,00136772
2008;Tributos do Governo Municipal;Governo Municipal;Contrib. Regime Próprio Previd. Mun.;4012,731369;0,001290349
2008;Tributos do Governo Municipal;Governo Municipal;Outros Tributos Municipais;6707,755638;0,002156971
2009;Total dos Tributos União;União;Total da Receita Tributária;1068717,084;0,320643404
2009;Tributos do Governo Federal;Orçamento Fiscal;Tributos do Governo Federal;739215,4252;0,221784187
2009;Tributos do Governo Federal;Orçamento Fiscal;Orçamento Fiscal;261612,2615;0,078490601
2009;Tributos do Governo Federal;Orçamento Fiscal;Imposto de Renda - Total;190977,593;0,057298331
2009;Tributos do Governo Federal;Orçamento Fiscal;Imposto de Renda - Pessoas Físicas;13625,10753;0,004087893
2009;Tributos do Governo Federal;Orçamento Fiscal;Imposto de Renda - Pessoas Jurídicas;77343,23116;0,023205016
2009;Tributos do Governo Federal;Orçamento Fiscal;Imposto de Renda - Retido na Fonte;100009,2543;0,030005423
2009;Tributos do Governo Federal;Orçamento Fiscal;Imposto sobre Produtos Industrializados;27730,52919;0,008319893
2009;Tributos do Governo Federal;Orçamento Fiscal;Imposto sobre Operações Financeiras;19235,09606;0,005771038
2009;Tributos do Governo Federal;Orçamento Fiscal;Impostos sobre o Comércio Exterior;15904,48936;0,004771768
2009;Tributos do Governo Federal;Orçamento Fiscal;Taxas Federais;4150,628235;0,001245298
2009;Tributos do Governo Federal;Orçamento Fiscal;Cota-Parte Ad Fr. Ren. Mar. Mercante;1511,473836;0,000453482
2009;Tributos do Governo Federal;Orçamento Fiscal;Contrib. Custeio Pensões Militares;1681,260718;0,000504423
2009;Tributos do Governo Federal;Orçamento Fiscal;Imposto Territorial Rural;421,191075;0,000126368
2009;Tributos do Governo Federal;Orçamento Seguridade Social;Orçamento Seguridade Social;394668,3021;0,118410934
2009;Tributos do Governo Federal;Orçamento Seguridade Social;Contribuição para a Previdência Social;179400,5762;0,05382492
2009;Tributos do Governo Federal;Orçamento Seguridade Social;Cofins;117084,2984;0,035128388
2009;Tributos do Governo Federal;Orçamento Seguridade Social;Contribuição Social sobre o Lucro Líquido;43423,75855;0,013028277
2009;Tributos do Governo Federal;Orçamento Seguridade Social;Contribuição para o PIS/Pasep;30989,91335;0,009297794
2009;Tributos do Governo Federal;Orçamento Seguridade Social;Contrib. Seg. Soc. Servidor Público - CPSS;18510,84251;0,005553743
2009;Tributos do Governo Federal;Orçamento Seguridade Social;Contrib. s/ Receita de Concursos e Progn.;2497,35368;0,000749272
2009;Tributos do Governo Federal;Orçamento Seguridade Social;Contrib. Partic. Seguro DPVAT;2596,594152;0,000779047
2009;Tributos do Governo Federal;Orçamento Seguridade Social;Contribuições Rurais;164,9652994;4,95E-05
2009;Tributos do Governo Federal;Demais - Governo Federal;Demais;82934,86158;0,024882653
2009;Tributos do Governo Federal;Demais - Governo Federal;Contribuição para o FGTS;57183,49291;0,017156561
2009;Tributos do Governo Federal;Demais - Governo Federal;Salário Educação;9588,932865;0,002876934
2009;Tributos do Governo Federal;Demais - Governo Federal;Contribuições para o Sistema S;8523,518167;0,002557281
2009;Tributos do Governo Federal;Demais - Governo Federal;Cide Combustíveis;4916,224663;0,001474997
2009;Tributos do Governo Federal;Demais - Governo Federal;Cide Remessas;1147,222354;0,000344197
2009;Tributos do Governo Federal;Demais - Governo Federal;Outras Contribuições Federais;537,4256958;0,000161242
2009;Tributos do Governo Federal;Demais - Governo Federal;Contr. s/ Rec. Empr. Telecomun.;1094,294;0,000328317
2009;Tributos do Governo Federal;Demais - Governo Federal;Dívida Ativa Outros Trib. e Contrib.;-1338,794774;-0,000401674
2009;Tributos do Governo Federal;Demais - Governo Federal;Contrib. S/Rec.Concess.Permiss.Energ.Elet.;967,9108611;0,000290399
2009;Tributos do Governo Federal;Demais - Governo Federal;Cota-Parte Contrib. Sindical;314,6348437;9,44E-05
2009;Tributos do Governo Estadual;Governo Estadual;Tributos do Governo Estadual;270670,3116;0,081208256
2009;Tributos do Governo Estadual;Governo Estadual;ICMS;222037,239;0,066617047
2009;Tributos do Governo Estadual;Governo Estadual;IPVA;20107,34159;0,006032735
2009;Tributos do Governo Estadual;Governo Estadual;ITCD;1677,646209;0,000503338
2009;Tributos do Governo Estadual;Governo Estadual;Contrib. Regime Próprio Previd. Est.;11488,63532;0,003446895
2009;Tributos do Governo Estadual;Governo Estadual;Outros Tributos Estaduais;15359,44948;0,004608241
2009;Tributos do Governo Municipal;Governo Municipal;Tributos do Governo Municipal;58831,3469;0,017650961
2009;Tributos do Governo Municipal;Governo Municipal;ISS;27330,2805;0,008199807
2009;Tributos do Governo Municipal;Governo Municipal;IPTU;15185,5904;0,004556079
2009;Tributos do Governo Municipal;Governo Municipal;ITBI;4397,241799;0,001319289
2009;Tributos do Governo Municipal;Governo Municipal;Contrib. Regime Próprio Previd. Mun.;4347,450598;0,00130435
2009;Tributos do Governo Municipal;Governo Municipal;Outros Tributos Municipais;7570,783596;0,002271435
2010;Total dos Tributos União;União;Total da Receita Tributária;1263144,541;0,32506286
2010;Tributos do Governo Federal;Orçamento Fiscal;Tributos do Governo Federal;871744,4473;0,224338335
2010;Tributos do Governo Federal;Orçamento Fiscal;Orçamento Fiscal;307712,3972;0,079187986
2010;Tributos do Governo Federal;Orçamento Fiscal;Imposto de Renda - Total;212957,1995;0,05480329
2010;Tributos do Governo Federal;Orçamento Fiscal;Imposto de Renda - Pessoas Físicas;16248,27504;0,004181399
2010;Tributos do Governo Federal;Orçamento Fiscal;Imposto de Renda - Pessoas Jurídicas;82474,04188;0,021224212
2010;Tributos do Governo Federal;Orçamento Fiscal;Imposto de Renda - Retido na Fonte;114234,8826;0,029397679
2010;Tributos do Governo Federal;Orçamento Fiscal;Imposto sobre Produtos Industrializados;37293,71766;0,00959732
2010;Tributos do Governo Federal;Orçamento Fiscal;Imposto sobre Operações Financeiras;26571,32407;0,006837975
2010;Tributos do Governo Federal;Orçamento Fiscal;Impostos sobre o Comércio Exterior;21118,96717;0,005434843
2010;Tributos do Governo Federal;Orçamento Fiscal;Taxas Federais;5068,293578;0,001304296
2010;Tributos do Governo Federal;Orçamento Fiscal;Cota-Parte Ad Fr. Ren. Mar. Mercante;2348,851423;0,000604463
2010;Tributos do Governo Federal;Orçamento Fiscal;Contrib. Custeio Pensões Militares;1869,020969;0,000480982
2010;Tributos do Governo Federal;Orçamento Fiscal;Imposto Territorial Rural;485,0228672;0,000124818
2010;Tributos do Governo Federal;Orçamento Seguridade Social;Orçamento Seguridade Social;466119,7131;0,119953182
2010;Tributos do Governo Federal;Orçamento Seguridade Social;Contribuição para a Previdência Social;211836,1442;0,054514793
2010;Tributos do Governo Federal;Orçamento Seguridade Social;Cofins;140938,7325;0,036269759
2010;Tributos do Governo Federal;Orçamento Seguridade Social;Contribuição Social sobre o Lucro Líquido;45780,46695;0,011781335
2010;Tributos do Governo Federal;Orçamento Seguridade Social;Contribuição para o PIS/Pasep;40593,63854;0,010446535
2010;Tributos do Governo Federal;Orçamento Seguridade Social;Contrib. Seg. Soc. Servidor Público - CPSS;20807,68103;0,005354735
2010;Tributos do Governo Federal;Orçamento Seguridade Social;Contrib. s/ Receita de Concursos e Progn.;3147,408484;0,000809967
2010;Tributos do Governo Federal;Orçamento Seguridade Social;Contrib. Partic. Seguro DPVAT;2830,427291;0,000728394
2010;Tributos do Governo Federal;Orçamento Seguridade Social;Contribuições Rurais;185,214137;4,77E-05
2010;Tributos do Governo Federal;Demais - Governo Federal;Demais;97912,33701;0,025197167
2010;Tributos do Governo Federal;Demais - Governo Federal;Contribuição para o FGTS;64270,62588;0,01653967
2010;Tributos do Governo Federal;Demais - Governo Federal;Salário Educação;11049,19908;0,002843447
2010;Tributos do Governo Federal;Demais - Governo Federal;Contribuições para o Sistema S;9924,948589;0,002554127
2010;Tributos do Governo Federal;Demais - Governo Federal;Cide Combustíveis;7759,104937;0,00199676
2010;Tributos do Governo Federal;Demais - Governo Federal;Cide Remessas;1211,64187;0,000311809
2010;Tributos do Governo Federal;Demais - Governo Federal;Outras Contribuições Federais;1380,66525;0,000355306
2010;Tributos do Governo Federal;Demais - Governo Federal;Contr. s/ Rec. Empr. Telecomun.;1185,591426;0,000305105
2010;Tributos do Governo Federal;Demais - Governo Federal;Dívida Ativa Outros Trib. e Contrib.;107,8123597;2,77E-05
2010;Tributos do Governo Federal;Demais - Governo Federal;Contrib. S/Rec.Concess.Permiss.Energ.Elet.;655,5725628;0,000168708
2010;Tributos do Governo Federal;Demais - Governo Federal;Cota-Parte Contrib. Sindical;367,1750671;9,45E-05
2010;Tributos do Governo Estadual;Governo Estadual;Tributos do Governo Estadual;321673,9692;0,082780915
2010;Tributos do Governo Estadual;Governo Estadual;ICMS;268116,8541;0,068998304
2010;Tributos do Governo Estadual;Governo Estadual;IPVA;21366,56029;0,005498559
2010;Tributos do Governo Estadual;Governo Estadual;ITCD;2518,378585;0,00064809
2010;Tributos do Governo Estadual;Governo Estadual;Contrib. Regime Próprio Previd. Est.;12633,79603;0,003251234
2010;Tributos do Governo Estadual;Governo Estadual;Outros Tributos Estaduais;17038,3802;0,004384728
2010;Tributos do Governo Municipal;Governo Municipal;Tributos do Governo Municipal;69726,12474;0,01794361
2010;Tributos do Governo Municipal;Governo Municipal;ISS;32756,03196;0,008429573
2010;Tributos do Governo Municipal;Governo Municipal;IPTU;17444,29008;0,004489186
2010;Tributos do Governo Municipal;Governo Municipal;ITBI;5840,317385;0,001502972
2010;Tributos do Governo Municipal;Governo Municipal;Contrib. Regime Próprio Previd. Mun.;5112,987162;0,001315797
2010;Tributos do Governo Municipal;Governo Municipal;Outros Tributos Municipais;8572,498148;0,002206082
2011;Total dos Tributos União;União;Total da Receita Tributária;1459329,58;0,333455713
2011;Tributos do Governo Federal;Orçamento Fiscal;Tributos do Governo Federal;1021174,677;0,233337647
2011;Tributos do Governo Federal;Orçamento Fiscal;Orçamento Fiscal;366485,94;0,083741762
2011;Tributos do Governo Federal;Orçamento Fiscal;Imposto de Renda - Total;255609,5396;0,058406588
2011;Tributos do Governo Federal;Orçamento Fiscal;Imposto de Renda - Pessoas Físicas;20515,44415;0,004687764
2011;Tributos do Governo Federal;Orçamento Fiscal;Imposto de Renda - Pessoas Jurídicas;94957,60076;0,02169774
2011;Tributos do Governo Federal;Orçamento Fiscal;Imposto de Renda - Retido na Fonte;140136,4947;0,032021084
2011;Tributos do Governo Federal;Orçamento Fiscal;Imposto sobre Produtos Industrializados;41228,70485;0,009420728
2011;Tributos do Governo Federal;Orçamento Fiscal;Imposto sobre Operações Financeiras;31998,91016;0,007311727
2011;Tributos do Governo Federal;Orçamento Fiscal;Impostos sobre o Comércio Exterior;26762,65084;0,006115246
2011;Tributos do Governo Federal;Orçamento Fiscal;Taxas Federais;5833,418594;0,001332932
2011;Tributos do Governo Federal;Orçamento Fiscal;Cota-Parte Ad Fr. Ren. Mar. Mercante;2456,564317;0,000561323
2011;Tributos do Governo Federal;Orçamento Fiscal;Contrib. Custeio Pensões Militares;2025,441007;0,000462812
2011;Tributos do Governo Federal;Orçamento Fiscal;Imposto Territorial Rural;570,710645;0,000130407
2011;Tributos do Governo Federal;Orçamento Seguridade Social;Orçamento Seguridade Social;540497,2837;0,123503223
2011;Tributos do Governo Federal;Orçamento Seguridade Social;Contribuição para a Previdência Social;244526,6205;0,055874149
2011;Tributos do Governo Federal;Orçamento Seguridade Social;Cofins;164981,9668;0,037698255
2011;Tributos do Governo Federal;Orçamento Seguridade Social;Contribuição Social sobre o Lucro Líquido;58694,38787;0,013411624
2011;Tributos do Governo Federal;Orçamento Seguridade Social;Contribuição para o PIS/Pasep;42902,39592;0,009803165
2011;Tributos do Governo Federal;Orçamento Seguridade Social;Contrib. Seg. Soc. Servidor Público - CPSS;22495,59237;0,005140226
2011;Tributos do Governo Federal;Orçamento Seguridade Social;Contrib. s/ Receita de Concursos e Progn.;3413,927169;0,00078008
2011;Tributos do Governo Federal;Orçamento Seguridade Social;Contrib. Partic. Seguro DPVAT;3268,863269;0,000746933
2011;Tributos do Governo Federal;Orçamento Seguridade Social;Contribuições Rurais;213,5299272;4,88E-05
2011;Tributos do Governo Federal;Demais - Governo Federal;Demais;114191,4534;0,026092661
2011;Tributos do Governo Federal;Demais - Governo Federal;Contribuição para o FGTS;74978,80153;0,0171326
2011;Tributos do Governo Federal;Demais - Governo Federal;Salário Educação;13115,38198;0,002996855
2011;Tributos do Governo Federal;Demais - Governo Federal;Contribuições para o Sistema S;11858,1265;0,002709573
2011;Tributos do Governo Federal;Demais - Governo Federal;Cide Combustíveis;8958,530644;0,002047018
2011;Tributos do Governo Federal;Demais - Governo Federal;Cide Remessas;1507,39211;0,000344438
2011;Tributos do Governo Federal;Demais - Governo Federal;Outras Contribuições Federais;786,2028713;0,000179647
2011;Tributos do Governo Federal;Demais - Governo Federal;Contr. s/ Rec. Empr. Telecomun.;1394,687647;0,000318685
2011;Tributos do Governo Federal;Demais - Governo Federal;Dívida Ativa Outros Trib. e Contrib.;324,7703166;7,42E-05
2011;Tributos do Governo Federal;Demais - Governo Federal;Contrib. S/Rec.Concess.Permiss.Energ.Elet.;825,5730408;0,000188643
2011;Tributos do Governo Federal;Demais - Governo Federal;Cota-Parte Contrib. Sindical;441,9867865;0,000100994
2011;Tributos do Governo Estadual;Governo Estadual;Tributos do Governo Estadual;357335,3922;0,081650869
2011;Tributos do Governo Estadual;Governo Estadual;ICMS;297419,093;0,067960039
2011;Tributos do Governo Estadual;Governo Estadual;IPVA;24112,03335;0,005509582
2011;Tributos do Governo Estadual;Governo Estadual;ITCD;2768,224693;0,000632537
2011;Tributos do Governo Estadual;Governo Estadual;Contrib. Regime Próprio Previd. Est.;13292,833;0,003037402
2011;Tributos do Governo Estadual;Governo Estadual;Outros Tributos Estaduais;19743,20821;0,004511308
2011;Tributos do Governo Municipal;Governo Municipal;Tributos do Governo Municipal;80819,51098;0,018467198
2011;Tributos do Governo Municipal;Governo Municipal;ISS;38372,01393;0,008767976
2011;Tributos do Governo Municipal;Governo Municipal;IPTU;19708,88839;0,004503466
2011;Tributos do Governo Municipal;Governo Municipal;ITBI;7281,838821;0,001663895
2011;Tributos do Governo Municipal;Governo Municipal;Contrib. Regime Próprio Previd. Mun.;5794,964985;0,001324145
2011;Tributos do Governo Municipal;Governo Municipal;Outros Tributos Municipais;9661,80485;0,002207715
2012;Total dos Tributos União;União;Total da Receita Tributária;1570401,53;0,326164031
2012;Tributos do Governo Federal;Orçamento Fiscal;Tributos do Governo Federal;1084316,065;0,22520667
2012;Tributos do Governo Federal;Orçamento Fiscal;Orçamento Fiscal;381140,7638;0,079160906
2012;Tributos do Governo Federal;Orçamento Fiscal;Imposto de Renda - Total;265630,8352;0,055170109
2012;Tributos do Governo Federal;Orçamento Fiscal;Imposto de Renda - Pessoas Físicas;22499,33026;0,004672991
2012;Tributos do Governo Federal;Orçamento Fiscal;Imposto de Renda - Pessoas Jurídicas;92589,19691;0,019230283
2012;Tributos do Governo Federal;Orçamento Fiscal;Imposto de Renda - Retido na Fonte;150542,308;0,031266835
2012;Tributos do Governo Federal;Orçamento Fiscal;Imposto sobre Produtos Industrializados;42655,8322;0,008859389
2012;Tributos do Governo Federal;Orçamento Fiscal;Imposto sobre Operações Financeiras;31001,54177;0,006438855
2012;Tributos do Governo Federal;Orçamento Fiscal;Impostos sobre o Comércio Exterior;31088,40017;0,006456895
2012;Tributos do Governo Federal;Orçamento Fiscal;Taxas Federais;5265,503925;0,001093617
2012;Tributos do Governo Federal;Orçamento Fiscal;Cota-Parte Ad Fr. Ren. Mar. Mercante;2883,138266;0,000598812
2012;Tributos do Governo Federal;Orçamento Fiscal;Contrib. Custeio Pensões Militares;2001,21142;0,000415641
2012;Tributos do Governo Federal;Orçamento Fiscal;Imposto Territorial Rural;614,3009116;0,000127587
2012;Tributos do Governo Federal;Orçamento Seguridade Social;Orçamento Seguridade Social;580390,635;0,120544043
2012;Tributos do Governo Federal;Orçamento Seguridade Social;Contribuição para a Previdência Social;272685,4232;0,05663531
2012;Tributos do Governo Federal;Orçamento Seguridade Social;Cofins;175008,175;0,036348266
2012;Tributos do Governo Federal;Orçamento Seguridade Social;Contribuição Social sobre o Lucro Líquido;55834,24871;0,011596476
2012;Tributos do Governo Federal;Orçamento Seguridade Social;Contribuição para o PIS/Pasep;46486,15108;0,009654926
2012;Tributos do Governo Federal;Orçamento Seguridade Social;Contrib. Seg. Soc. Servidor Público - CPSS;22854,34318;0,004746725
2012;Tributos do Governo Federal;Orçamento Seguridade Social;Contrib. s/ Receita de Concursos e Progn.;3763,559912;0,000781671
2012;Tributos do Governo Federal;Orçamento Seguridade Social;Contrib. Partic. Seguro DPVAT;3518,178741;0,000730707
2012;Tributos do Governo Federal;Orçamento Seguridade Social;Contribuições Rurais;240,5551577;5,00E-05
2012;Tributos do Governo Federal;Demais - Governo Federal;Demais;122784,6665;0,025501721
2012;Tributos do Governo Federal;Demais - Governo Federal;Contribuição para o FGTS;85812,64751;0,01782283
2012;Tributos do Governo Federal;Demais - Governo Federal;Salário Educação;14774,50896;0,003068587
2012;Tributos do Governo Federal;Demais - Governo Federal;Contribuições para o Sistema S;13556,56421;0,002815626
2012;Tributos do Governo Federal;Demais - Governo Federal;Cide Combustíveis;2885,387461;0,00059928
2012;Tributos do Governo Federal;Demais - Governo Federal;Cide Remessas;1979,060127;0,00041104
2012;Tributos do Governo Federal;Demais - Governo Federal;Outras Contribuições Federais;1367,367611;0,000283995
2012;Tributos do Governo Federal;Demais - Governo Federal;Contr. s/ Rec. Empr. Telecomun.;1520,183233;0,000315734
2012;Tributos do Governo Federal;Demais - Governo Federal;Dívida Ativa Outros Trib. e Contrib.;-480,3193169;-9,98E-05
2012;Tributos do Governo Federal;Demais - Governo Federal;Contrib. S/Rec.Concess.Permiss.Energ.Elet.;893,3195711;0,000185538
2012;Tributos do Governo Federal;Demais - Governo Federal;Cota-Parte Contrib. Sindical;475,9471237;9,89E-05
2012;Tributos do Governo Estadual;Governo Estadual;Tributos do Governo Estadual;395070,3658;0,08205401
2012;Tributos do Governo Estadual;Governo Estadual;ICMS;326235,7222;0,067757421
2012;Tributos do Governo Estadual;Governo Estadual;IPVA;27029,65261;0,005613915
2012;Tributos do Governo Estadual;Governo Estadual;ITCD;3408,683867;0,000707965
2012;Tributos do Governo Estadual;Governo Estadual;Contrib. Regime Próprio Previd. Est.;15546,40069;0,003228905
2012;Tributos do Governo Estadual;Governo Estadual;Outros Tributos Estaduais;22849,90643;0,004745804
2012;Tributos do Governo Municipal;Governo Municipal;Tributos do Governo Municipal;91015,09856;0,018903351
2012;Tributos do Governo Municipal;Governo Municipal;ISS;44279,273;0,009196569
2012;Tributos do Governo Municipal;Governo Municipal;IPTU;21545,39119;0,004474863
2012;Tributos do Governo Municipal;Governo Municipal;ITBI;8289,930147;0,001721774
2012;Tributos do Governo Municipal;Governo Municipal;Contrib. Regime Próprio Previd. Mun.;6459,065456;0,001341513
2012;Tributos do Governo Municipal;Governo Municipal;Outros Tributos Municipais;10441,43877;0,002168631
2013;Total dos Tributos União;União;Total da Receita Tributária;1735340,403;0,325480947
2013;Tributos do Governo Federal;Orçamento Fiscal;Tributos do Governo Federal;1196172,098;0,224354384
2013;Tributos do Governo Federal;Orçamento Fiscal;Orçamento Fiscal;419599,7613;0,078700252
2013;Tributos do Governo Federal;Orçamento Fiscal;Imposto de Renda - Total;298874,1132;0,056056915
2013;Tributos do Governo Federal;Orçamento Fiscal;Imposto de Renda - Pessoas Físicas;24188,33062;0,00453677
2013;Tributos do Governo Federal;Orçamento Fiscal;Imposto de Renda - Pessoas Jurídicas;109316,3606;0,020503408
2013;Tributos do Governo Federal;Orçamento Fiscal;Imposto de Renda - Retido na Fonte;165369,422;0,031016737
2013;Tributos do Governo Federal;Orçamento Fiscal;Imposto sobre Produtos Industrializados;42922,81274;0,008050615
2013;Tributos do Governo Federal;Orçamento Fiscal;Imposto sobre Operações Financeiras;29417,36377;0,005517529
2013;Tributos do Governo Federal;Orçamento Fiscal;Impostos sobre o Comércio Exterior;36973,79965;0,006934817
2013;Tributos do Governo Federal;Orçamento Fiscal;Taxas Federais;5110,078458;0,000958448
2013;Tributos do Governo Federal;Orçamento Fiscal;Cota-Parte Ad Fr. Ren. Mar. Mercante;3366,906373;0,000631498
2013;Tributos do Governo Federal;Orçamento Fiscal;Contrib. Custeio Pensões Militares;2170,71395;0,00040714
2013;Tributos do Governo Federal;Orçamento Fiscal;Imposto Territorial Rural;763,9731103;0,000143291
2013;Tributos do Governo Federal;Orçamento Seguridade Social;Orçamento Seguridade Social;638714,9203;0,119797555
2013;Tributos do Governo Federal;Orçamento Seguridade Social;Contribuição para a Previdência Social;296261,3248;0,05556686
2013;Tributos do Governo Federal;Orçamento Seguridade Social;Cofins;197545,4519;0,037051682
2013;Tributos do Governo Federal;Orçamento Seguridade Social;Contribuição Social sobre o Lucro Líquido;61686,57588;0,011569952
2013;Tributos do Governo Federal;Orçamento Seguridade Social;Contribuição para o PIS/Pasep;50519,5618;0,009475464
2013;Tributos do Governo Federal;Orçamento Seguridade Social;Contrib. Seg. Soc. Servidor Público - CPSS;24386,32835;0,004573907
2013;Tributos do Governo Federal;Orçamento Seguridade Social;Contrib. s/ Receita de Concursos e Progn.;4054,925372;0,000760543
2013;Tributos do Governo Federal;Orçamento Seguridade Social;Contrib. Partic. Seguro DPVAT;3987,894849;0,000747971
2013;Tributos do Governo Federal;Orçamento Seguridade Social;Contribuições Rurais;272,8573564;5,12E-05
2013;Tributos do Governo Federal;Demais - Governo Federal;Demais;137857,4161;0,025856577
2013;Tributos do Governo Federal;Demais - Governo Federal;Contribuição para o FGTS;98044,56524;0,018389267
2013;Tributos do Governo Federal;Demais - Governo Federal;Salário Educação;16560,52969;0,003106098
2013;Tributos do Governo Federal;Demais - Governo Federal;Contribuições para o Sistema S;15351,16791;0,002879269
2013;Tributos do Governo Federal;Demais - Governo Federal;Cide Combustíveis;734,4395181;0,000137752
2013;Tributos do Governo Federal;Demais - Governo Federal;Cide Remessas;2233,165142;0,000418853
2013;Tributos do Governo Federal;Demais - Governo Federal;Outras Contribuições Federais;1515,209594;0,000284193
2013;Tributos do Governo Federal;Demais - Governo Federal;Contr. s/ Rec. Empr. Telecomun.;1556,533962;0,000291944
2013;Tributos do Governo Federal;Demais - Governo Federal;Dívida Ativa Outros Trib. e Contrib.;579,1908489;0,000108633
2013;Tributos do Governo Federal;Demais - Governo Federal;Contrib. S/Rec.Concess.Permiss.Energ.Elet.;749,2142319;0,000140523
2013;Tributos do Governo Federal;Demais - Governo Federal;Cota-Parte Contrib. Sindical;533,4000145;0,000100045
2013;Tributos do Governo Estadual;Governo Estadual;Tributos do Governo Estadual;438797,8977;0,08230106
2013;Tributos do Governo Estadual;Governo Estadual;ICMS;363189,9176;0,068120006
2013;Tributos do Governo Estadual;Governo Estadual;IPVA;29232,08094;0,005482778
2013;Tributos do Governo Estadual;Governo Estadual;ITCD;4142,18106;0,000776909
2013;Tributos do Governo Estadual;Governo Estadual;Contrib. Regime Próprio Previd. Est.;16493,77563;0,003093577
2013;Tributos do Governo Estadual;Governo Estadual;Outros Tributos Estaduais;25739,94248;0,004827791
2013;Tributos do Governo Municipal;Governo Municipal;Tributos do Governo Municipal;100370,4071;0,018825503
2013;Tributos do Governo Municipal;Governo Municipal;ISS;47959,64625;0,008995325
2013;Tributos do Governo Municipal;Governo Municipal;IPTU;23995,9017;0,004500678
2013;Tributos do Governo Municipal;Governo Municipal;ITBI;9748,639163;0,001828458
2013;Tributos do Governo Municipal;Governo Municipal;Contrib. Regime Próprio Previd. Mun.;7652,270256;0,001435262
2013;Tributos do Governo Municipal;Governo Municipal;Outros Tributos Municipais;11013,94974;0,00206578
2014;Total dos Tributos União;União;Total da Receita Tributária;1840300,786;0,318448824
2014;Tributos do Governo Federal;Orçamento Fiscal;Tributos do Governo Federal;1259897,745;0,21801488
2014;Tributos do Governo Federal;Orçamento Fiscal;Orçamento Fiscal;446679,8859;0,077294258
2014;Tributos do Governo Federal;Orçamento Fiscal;Imposto de Renda - Total;319512,4723;0,05528899
2014;Tributos do Governo Federal;Orçamento Fiscal;Imposto de Renda - Pessoas Físicas;25782,0903;0,004461377
2014;Tributos do Governo Federal;Orçamento Fiscal;Imposto de Renda - Pessoas Jurídicas;109019,9638;0,018865003
2014;Tributos do Governo Federal;Orçamento Fiscal;Imposto de Renda - Retido na Fonte;184710,4182;0,03196261
2014;Tributos do Governo Federal;Orçamento Fiscal;Imposto sobre Produtos Industrializados;49201,54583;0,00851392
2014;Tributos do Governo Federal;Orçamento Fiscal;Imposto sobre Operações Financeiras;29756,15212;0,005149056
2014;Tributos do Governo Federal;Orçamento Fiscal;Impostos sobre o Comércio Exterior;36773,71968;0,006363388
2014;Tributos do Governo Federal;Orçamento Fiscal;Taxas Federais;4989,094804;0,000863322
2014;Tributos do Governo Federal;Orçamento Fiscal;Cota-Parte Ad Fr. Ren. Mar. Mercante;3203,541474;0,000554346
2014;Tributos do Governo Federal;Orçamento Fiscal;Contrib. Custeio Pensões Militares;2343,239613;0,000405478
2014;Tributos do Governo Federal;Orçamento Fiscal;Imposto Territorial Rural;900,1201186;0,000155758
2014;Tributos do Governo Federal;Orçamento Seguridade Social;Orçamento Seguridade Social;660695,5416;0,114327897
2014;Tributos do Governo Federal;Orçamento Seguridade Social;Contribuição para a Previdência Social;316375,5064;0,054746164
2014;Tributos do Governo Federal;Orçamento Seguridade Social;Cofins;194696,2856;0,033690581
2014;Tributos do Governo Federal;Orçamento Seguridade Social;Contribuição Social sobre o Lucro Líquido;62331,82886;0,010786007
2014;Tributos do Governo Federal;Orçamento Seguridade Social;Contribuição para o PIS/Pasep;51441,21704;0,008901477
2014;Tributos do Governo Federal;Orçamento Seguridade Social;Contrib. Seg. Soc. Servidor Público - CPSS;26808,87436;0,004639054
2014;Tributos do Governo Federal;Orçamento Seguridade Social;Contrib. s/ Receita de Concursos e Progn.;4768,777052;0,000825197
2014;Tributos do Governo Federal;Orçamento Seguridade Social;Contrib. Partic. Seguro DPVAT;3968,898552;0,000686785
2014;Tributos do Governo Federal;Orçamento Seguridade Social;Contribuições Rurais;304,1536962;5,26E-05
2014;Tributos do Governo Federal;Demais - Governo Federal;Demais;152522,3178;0,026392725
2014;Tributos do Governo Federal;Demais - Governo Federal;Contribuição para o FGTS;108781,7167;0,018823776
2014;Tributos do Governo Federal;Demais - Governo Federal;Salário Educação;18410,69467;0,003185818
2014;Tributos do Governo Federal;Demais - Governo Federal;Contribuições para o Sistema S;16884,41734;0,002921709
2014;Tributos do Governo Federal;Demais - Governo Federal;Cide Combustíveis;25,70993361;4,45E-06
2014;Tributos do Governo Federal;Demais - Governo Federal;Cide Remessas;2498,74138;0,000432387
2014;Tributos do Governo Federal;Demais - Governo Federal;Outras Contribuições Federais;2739,968559;0,000474129
2014;Tributos do Governo Federal;Demais - Governo Federal;Contr. s/ Rec. Empr. Telecomun.;1628,141245;0,000281736
2014;Tributos do Governo Federal;Demais - Governo Federal;Dívida Ativa Outros Trib. e Contrib.;144,9792294;2,51E-05
2014;Tributos do Governo Federal;Demais - Governo Federal;Contrib. S/Rec.Concess.Permiss.Energ.Elet.;813,4454586;0,00014076
2014;Tributos do Governo Federal;Demais - Governo Federal;Cota-Parte Contrib. Sindical;594,5033014;0,000102874
2014;Tributos do Governo Estadual;Governo Estadual;Tributos do Governo Estadual;468639,0568;0,081094111
2014;Tributos do Governo Estadual;Governo Estadual;ICMS;384286,9121;0,06649767
2014;Tributos do Governo Estadual;Governo Estadual;IPVA;32452,95945;0,005615716
2014;Tributos do Governo Estadual;Governo Estadual;ITCD;4698,159531;0,000812978
2014;Tributos do Governo Estadual;Governo Estadual;Contrib. Regime Próprio Previd. Est.;19910,40392;0,003445331
2014;Tributos do Governo Estadual;Governo Estadual;Outros Tributos Estaduais;27290,62185;0,004722416
2014;Tributos do Governo Municipal;Governo Municipal;Tributos do Governo Municipal;111763,9841;0,019339833
2014;Tributos do Governo Municipal;Governo Municipal;ISS;53887,5991;0,009324803
2014;Tributos do Governo Municipal;Governo Municipal;IPTU;26773,04501;0,004632854
2014;Tributos do Governo Municipal;Governo Municipal;ITBI;10507,14892;0,001818175
2014;Tributos do Governo Municipal;Governo Municipal;Contrib. Regime Próprio Previd. Mun.;8267,894917;0,001430691
2014;Tributos do Governo Municipal;Governo Municipal;Outros Tributos Municipais;12328,29618;0,00213331
2015;Total dos Tributos União;União;Total da Receita Tributária;1924636,151;0,320998086
2015;Tributos do Governo Federal;Orçamento Fiscal;Tributos do Governo Federal;1314852,89;0,219296131
2015;Tributos do Governo Federal;Orçamento Fiscal;Orçamento Fiscal;475618,9221;0,07932552
2015;Tributos do Governo Federal;Orçamento Fiscal;Imposto de Renda - Total;341845,6225;0,057014304
2015;Tributos do Governo Federal;Orçamento Fiscal;Imposto de Renda - Pessoas Físicas;27198,6588;0,004536295
2015;Tributos do Governo Federal;Orçamento Fiscal;Imposto de Renda - Pessoas Jurídicas;104910,1685;0,017497314
2015;Tributos do Governo Federal;Orçamento Fiscal;Imposto de Renda - Retido na Fonte;209736,7952;0,034980695
2015;Tributos do Governo Federal;Orçamento Fiscal;Imposto sobre Produtos Industrializados;48048,70822;0,008013745
2015;Tributos do Governo Federal;Orçamento Fiscal;Imposto sobre Operações Financeiras;34681,0488;0,005784236
2015;Tributos do Governo Federal;Orçamento Fiscal;Impostos sobre o Comércio Exterior;38969,35913;0,006499457
2015;Tributos do Governo Federal;Orçamento Fiscal;Taxas Federais;5314,595668;0,000886388
2015;Tributos do Governo Federal;Orçamento Fiscal;Cota-Parte Ad Fr. Ren. Mar. Mercante;3004,833403;0,000501157
2015;Tributos do Governo Federal;Orçamento Fiscal;Contrib. Custeio Pensões Militares;2649,782581;0,000441941
2015;Tributos do Governo Federal;Orçamento Fiscal;Imposto Territorial Rural;1104,971759;0,000184291
2015;Tributos do Governo Federal;Orçamento Seguridade Social;Orçamento Seguridade Social;672636,7966;0,112184905
2015;Tributos do Governo Federal;Orçamento Seguridade Social;Contribuição para a Previdência Social;321698,0191;0,053654011
2015;Tributos do Governo Federal;Orçamento Seguridade Social;Cofins;199876,0003;0,033336074
2015;Tributos do Governo Federal;Orçamento Seguridade Social;Contribuição Social sobre o Lucro Líquido;59146,88951;0,009864742
2015;Tributos do Governo Federal;Orçamento Seguridade Social;Contribuição para o PIS/Pasep;52589,86044;0,008771136
2015;Tributos do Governo Federal;Orçamento Seguridade Social;Contrib. Seg. Soc. Servidor Público - CPSS;29339,60433;0,00489337
2015;Tributos do Governo Federal;Orçamento Seguridade Social;Contrib. s/ Receita de Concursos e Progn.;5422,126897;0,000904323
2015;Tributos do Governo Federal;Orçamento Seguridade Social;Contrib. Partic. Seguro DPVAT;4241,70134;0,000707447
2015;Tributos do Governo Federal;Orçamento Seguridade Social;Contribuições Rurais;322,5947385;5,38E-05
2015;Tributos do Governo Federal;Demais - Governo Federal;Demais;166597,1711;0,027785705
2015;Tributos do Governo Federal;Demais - Governo Federal;Contribuição para o FGTS;118322,5377;0,01973428
2015;Tributos do Governo Federal;Demais - Governo Federal;Salário Educação;19038,91452;0,003175382
2015;Tributos do Governo Federal;Demais - Governo Federal;Contribuições para o Sistema S;18153,27;0,003027671
2015;Tributos do Governo Federal;Demais - Governo Federal;Cide Combustíveis;3271,182044;0,00054558
2015;Tributos do Governo Federal;Demais - Governo Federal;Cide Remessas;2983,426477;0,000497587
2015;Tributos do Governo Federal;Demais - Governo Federal;Outras Contribuições Federais;2172,452121;0,00036233
2015;Tributos do Governo Federal;Demais - Governo Federal;Contr. s/ Rec. Empr. Telecomun.;1656,793637;0,000276326
2015;Tributos do Governo Federal;Demais - Governo Federal;Dívida Ativa Outros Trib. e Contrib.;-490,4012633;-8,18E-05
2015;Tributos do Governo Federal;Demais - Governo Federal;Contrib. S/Rec.Concess.Permiss.Energ.Elet.;890,3509419;0,000148496
2015;Tributos do Governo Federal;Demais - Governo Federal;Cota-Parte Contrib. Sindical;598,6448803;9,98E-05
2015;Tributos do Governo Estadual;Governo Estadual;Tributos do Governo Estadual;489741,2222;0,081680891
2015;Tributos do Governo Estadual;Governo Estadual;ICMS;396428,4855;0,06611784
2015;Tributos do Governo Estadual;Governo Estadual;IPVA;36218,71471;0,006040694
2015;Tributos do Governo Estadual;Governo Estadual;ITCD;6460,679209;0,001077536
2015;Tributos do Governo Estadual;Governo Estadual;Contrib. Regime Próprio Previd. Est.;21650,53876;0,003610959
2015;Tributos do Governo Estadual;Governo Estadual;Outros Tributos Estaduais;28982,80406;0,004833862
2015;Tributos do Governo Municipal;Governo Municipal;Tributos do Governo Municipal;120042,0391;0,020021065
2015;Tributos do Governo Municipal;Governo Municipal;ISS;54454,88799;0,009082192
2015;Tributos do Governo Municipal;Governo Municipal;IPTU;31521,08587;0,005257206
2015;Tributos do Governo Municipal;Governo Municipal;ITBI;9904,446782;0,001651901
2015;Tributos do Governo Municipal;Governo Municipal;Contrib. Regime Próprio Previd. Mun.;9534,644221;0,001590224
2015;Tributos do Governo Municipal;Governo Municipal;Outros Tributos Municipais;14626,97426;0,002439542
2016;Total dos Tributos União;União;Total da Receita Tributária;2015961,912;0,32155949
2016;Tributos do Governo Federal;Orçamento Fiscal;Tributos do Governo Federal;1382994,322;0,2205969
2016;Tributos do Governo Federal;Orçamento Fiscal;Orçamento Fiscal;507102,6526;0,080886285
2016;Tributos do Governo Federal;Orçamento Fiscal;Imposto de Renda - Total;386408,7926;0,061634802
2016;Tributos do Governo Federal;Orçamento Fiscal;Imposto de Renda - Pessoas Físicas;28284,49861;0,004511568
2016;Tributos do Governo Federal;Orçamento Fiscal;Imposto de Renda - Pessoas Jurídicas;131180,6679;0,020924199
2016;Tributos do Governo Federal;Orçamento Fiscal;Imposto de Renda - Retido na Fonte;226943,6261;0,036199035
2016;Tributos do Governo Federal;Orçamento Fiscal;Imposto sobre Produtos Industrializados;41851,41165;0,006675582
2016;Tributos do Governo Federal;Orçamento Fiscal;Imposto sobre Operações Financeiras;33644,72147;0,005366559
2016;Tributos do Governo Federal;Orçamento Fiscal;Impostos sobre o Comércio Exterior;31447,61428;0,005016106
2016;Tributos do Governo Federal;Orçamento Fiscal;Taxas Federais;6952,897826;0,001109034
2016;Tributos do Governo Federal;Orçamento Fiscal;Cota-Parte Ad Fr. Ren. Mar. Mercante;2741,288512;0,000437254
2016;Tributos do Governo Federal;Orçamento Fiscal;Contrib. Custeio Pensões Militares;2929,510166;0,000467277
2016;Tributos do Governo Federal;Orçamento Fiscal;Imposto Territorial Rural;1126,416055;0,000179671
2016;Tributos do Governo Federal;Orçamento Seguridade Social;Orçamento Seguridade Social;698957,5796;0,111488437
2016;Tributos do Governo Federal;Orçamento Seguridade Social;Contribuição para a Previdência Social;336328,1603;0,053646605
2016;Tributos do Governo Federal;Orçamento Seguridade Social;Cofins;201517,2777;0,032143362
2016;Tributos do Governo Federal;Orçamento Seguridade Social;Contribuição Social sobre o Lucro Líquido;66759,99091;0,010648668
2016;Tributos do Governo Federal;Orçamento Seguridade Social;Contribuição para o PIS/Pasep;54823,30559;0,008744686
2016;Tributos do Governo Federal;Orçamento Seguridade Social;Contrib. Seg. Soc. Servidor Público - CPSS;30691,15693;0,004895446
2016;Tributos do Governo Federal;Orçamento Seguridade Social;Contrib. s/ Receita de Concursos e Progn.;4254,269333;0,000678585
2016;Tributos do Governo Federal;Orçamento Seguridade Social;Contrib. Partic. Seguro DPVAT;4242,82512;0,000676759
2016;Tributos do Governo Federal;Orçamento Seguridade Social;Contribuições Rurais;340,5938066;5,43E-05
2016;Tributos do Governo Federal;Demais - Governo Federal;Demais;176934,0901;0,028222178
2016;Tributos do Governo Federal;Demais - Governo Federal;Contribuição para o FGTS;124713,4498;0,019892634
2016;Tributos do Governo Federal;Demais - Governo Federal;Salário Educação;19473,10585;0,003106091
2016;Tributos do Governo Federal;Demais - Governo Federal;Contribuições para o Sistema S;18427,88875;0,002939372
2016;Tributos do Governo Federal;Demais - Governo Federal;Cide Combustíveis;6001,239003;0,000957238
2016;Tributos do Governo Federal;Demais - Governo Federal;Cide Remessas;2939,948769;0,000468942
2016;Tributos do Governo Federal;Demais - Governo Federal;Outras Contribuições Federais;2249,98463;0,000358888
2016;Tributos do Governo Federal;Demais - Governo Federal;Contr. s/ Rec. Empr. Telecomun.;1607,832064;0,00025646
2016;Tributos do Governo Federal;Demais - Governo Federal;Dívida Ativa Outros Trib. e Contrib.;0,93066926;1,48E-07
2016;Tributos do Governo Federal;Demais - Governo Federal;Contrib. S/Rec.Concess.Permiss.Energ.Elet.;826,342863;0,000131807
2016;Tributos do Governo Federal;Demais - Governo Federal;Cota-Parte Contrib. Sindical;693,3677035;0,000110597
2016;Tributos do Governo Estadual;Governo Estadual;Tributos do Governo Estadual;509102,832;0,081205327
2016;Tributos do Governo Estadual;Governo Estadual;ICMS;413787,1632;0,066001837
2016;Tributos do Governo Estadual;Governo Estadual;IPVA;39016,15052;0,006223339
2016;Tributos do Governo Estadual;Governo Estadual;ITCD;7344,953192;0,001171569
2016;Tributos do Governo Estadual;Governo Estadual;Contrib. Regime Próprio Previd. Est.;31190,64438;0,004975118
2016;Tributos do Governo Estadual;Governo Estadual;Outros Tributos Estaduais;17763,92069;0,002833465
2016;Tributos do Governo Municipal;Governo Municipal;Tributos do Governo Municipal;123864,7577;0,019757262
2016;Tributos do Governo Municipal;Governo Municipal;ISS;53543,80872;0,008540598
2016;Tributos do Governo Municipal;Governo Municipal;IPTU;34550,01044;0,005510959
2016;Tributos do Governo Municipal;Governo Municipal;ITBI;9443,636247;0,001506324
2016;Tributos do Governo Municipal;Governo Municipal;Contrib. Regime Próprio Previd. Mun.;11162,61221;0,001780512
2016;Tributos do Governo Municipal;Governo Municipal;Outros Tributos Municipais;15164,69003;0,00241887
2017;Total dos Tributos União;União;Total da Receita Tributária;2125534,903;0,322760866
2017;Tributos do Governo Federal;Orçamento Fiscal;Tributos do Governo Federal;1448682,619;0,219981359
2017;Tributos do Governo Federal;Orçamento Fiscal;Orçamento Fiscal;515890,6435;0,078337604
2017;Tributos do Governo Federal;Orçamento Fiscal;Imposto de Renda - Total;387959,5027;0,058911357
2017;Tributos do Governo Federal;Orçamento Fiscal;Imposto de Renda - Pessoas Físicas;30504,24465;0,004632046
2017;Tributos do Governo Federal;Orçamento Fiscal;Imposto de Renda - Pessoas Jurídicas;113815,1503;0,017282744
2017;Tributos do Governo Federal;Orçamento Fiscal;Imposto de Renda - Retido na Fonte;243640,1078;0,036996566
2017;Tributos do Governo Federal;Orçamento Fiscal;Imposto sobre Produtos Industrializados;47041,42351;0,007143205
2017;Tributos do Governo Federal;Orçamento Fiscal;Imposto sobre Operações Financeiras;34660,4858;0,005263169
2017;Tributos do Governo Federal;Orçamento Fiscal;Impostos sobre o Comércio Exterior;32350,15886;0,004912347
2017;Tributos do Governo Federal;Orçamento Fiscal;Taxas Federais;6401,165902;0,000972012
2017;Tributos do Governo Federal;Orçamento Fiscal;Cota-Parte Ad Fr. Ren. Mar. Mercante;2861,955602;0,000434586
2017;Tributos do Governo Federal;Orçamento Fiscal;Contrib. Custeio Pensões Militares;3342,752971;0,000507595
2017;Tributos do Governo Federal;Orçamento Fiscal;Imposto Territorial Rural;1273,198128;0,000193334
2017;Tributos do Governo Federal;Orçamento Seguridade Social;Orçamento Seguridade Social;750651,9062;0,113985924
2017;Tributos do Governo Federal;Orçamento Seguridade Social;Contribuição para a Previdência Social;355517,6927;0,053985092
2017;Tributos do Governo Federal;Orçamento Seguridade Social;Cofins;221669,8545;0,0336604
2017;Tributos do Governo Federal;Orçamento Seguridade Social;Contribuição Social sobre o Lucro Líquido;70686,22645;0,01073365
2017;Tributos do Governo Federal;Orçamento Seguridade Social;Contribuição para o PIS/Pasep;60775,3369;0,009228689
2017;Tributos do Governo Federal;Orçamento Seguridade Social;Contrib. Seg. Soc. Servidor Público - CPSS;33773,1831;0,005128432
2017;Tributos do Governo Federal;Orçamento Seguridade Social;Contrib. s/ Receita de Concursos e Progn.;4573,908217;0,000694544
2017;Tributos do Governo Federal;Orçamento Seguridade Social;Contrib. Partic. Seguro DPVAT;3301,517787;0,000501333
2017;Tributos do Governo Federal;Orçamento Seguridade Social;Contribuições Rurais;354,1865448;5,38E-05
2017;Tributos do Governo Federal;Demais - Governo Federal;Demais;182140,0691;0,027657832
2017;Tributos do Governo Federal;Demais - Governo Federal;Contribuição para o FGTS;128743,002;0,019549527
2017;Tributos do Governo Federal;Demais - Governo Federal;Salário Educação;20010,14989;0,003038526
2017;Tributos do Governo Federal;Demais - Governo Federal;Contribuições para o Sistema S;19075,28239;0,002896567
2017;Tributos do Governo Federal;Demais - Governo Federal;Cide Combustíveis;5821,367779;0,00088397
2017;Tributos do Governo Federal;Demais - Governo Federal;Cide Remessas;3011,179735;0,000457245
2017;Tributos do Governo Federal;Demais - Governo Federal;Outras Contribuições Federais;2293,499657;0,000348266
2017;Tributos do Governo Federal;Demais - Governo Federal;Contr. s/ Rec. Empr. Telecomun.;1610,216217;0,00024451
2017;Tributos do Governo Federal;Demais - Governo Federal;Dívida Ativa Outros Trib. e Contrib.;0;0
2017;Tributos do Governo Federal;Demais - Governo Federal;Contrib. S/Rec.Concess.Permiss.Energ.Elet.;921,9963802;0,000140004
2017;Tributos do Governo Federal;Demais - Governo Federal;Cota-Parte Contrib. Sindical;653,3749766;9,92E-05
2017;Tributos do Governo Estadual;Governo Estadual;Tributos do Governo Estadual;543518,9602;0,082532943
2017;Tributos do Governo Estadual;Governo Estadual;ICMS;443774,9825;0,067386895
2017;Tributos do Governo Estadual;Governo Estadual;IPVA;40435,82838;0,00614015
2017;Tributos do Governo Estadual;Governo Estadual;ITCD;7177,679356;0,001089925
2017;Tributos do Governo Estadual;Governo Estadual;Contrib. Regime Próprio Previd. Est.;32669,93858;0,004960905
2017;Tributos do Governo Estadual;Governo Estadual;Outros Tributos Estaduais;19460,53147;0,002955067
2017;Tributos do Governo Municipal;Governo Municipal;Tributos do Governo Municipal;133333,3236;0,020246564
2017;Tributos do Governo Municipal;Governo Municipal;ISS;56391,46992;0,008563002
2017;Tributos do Governo Municipal;Governo Municipal;IPTU;38796,09647;0,005891158
2017;Tributos do Governo Municipal;Governo Municipal;ITBI;9915,78086;0,001505704
2017;Tributos do Governo Municipal;Governo Municipal;Contrib. Regime Próprio Previd. Mun.;11910,98864;0,001808675
2017;Tributos do Governo Municipal;Governo Municipal;Outros Tributos Municipais;16318,9877;0,002478026
2018;Total dos Tributos União;União;Total da Receita Tributária;2282073,763;0,325817793
2018;Tributos do Governo Federal;Orçamento Fiscal;Tributos do Governo Federal;1547343,469;0,220918378
2018;Tributos do Governo Federal;Orçamento Fiscal;Orçamento Fiscal;562734,5173;0,080343117
2018;Tributos do Governo Federal;Orçamento Fiscal;Imposto de Renda - Total;414983,3978;0,059248293
2018;Tributos do Governo Federal;Orçamento Fiscal;Imposto de Renda - Pessoas Físicas;32513,01676;0,004641971
2018;Tributos do Governo Federal;Orçamento Fiscal;Imposto de Renda - Pessoas Jurídicas;119062,9124;0,016998931
2018;Tributos do Governo Federal;Orçamento Fiscal;Imposto de Renda - Retido na Fonte;263407,4687;0,037607391
2018;Tributos do Governo Federal;Orçamento Fiscal;Imposto sobre Produtos Industrializados;53985,34981;0,007707633
2018;Tributos do Governo Federal;Orçamento Fiscal;Imposto sobre Operações Financeiras;36615,14262;0,005227642
2018;Tributos do Governo Federal;Orçamento Fiscal;Impostos sobre o Comércio Exterior;40704,09604;0,005811433
2018;Tributos do Governo Federal;Orçamento Fiscal;Taxas Federais;7651,804099;0,001092469
2018;Tributos do Governo Federal;Orçamento Fiscal;Cota-Parte Ad Fr. Ren. Mar. Mercante;3721,557285;0,000531337
2018;Tributos do Governo Federal;Orçamento Fiscal;Contrib. Custeio Pensões Militares;3654,346846;0,000521741
2018;Tributos do Governo Federal;Orçamento Fiscal;Imposto Territorial Rural;1418,822762;0,000202569
2018;Tributos do Governo Federal;Orçamento Seguridade Social;Orçamento Seguridade Social;802114,3312;0,114520015
2018;Tributos do Governo Federal;Orçamento Seguridade Social;Contribuição para a Previdência Social;374412,9166;0,053455937
2018;Tributos do Governo Federal;Orçamento Seguridade Social;Cofins;244286,9333;0,034877501
2018;Tributos do Governo Federal;Orçamento Seguridade Social;Contribuição Social sobre o Lucro Líquido;75750,73884;0,010815136
2018;Tributos do Governo Federal;Orçamento Seguridade Social;Contribuição para o PIS/Pasep;66526,77593;0,009498206
2018;Tributos do Governo Federal;Orçamento Seguridade Social;Contrib. Seg. Soc. Servidor Público - CPSS;33592,26634;0,004796058
2018;Tributos do Governo Federal;Orçamento Seguridade Social;Contrib. s/ Receita de Concursos e Progn.;4561,734844;0,000651291
2018;Tributos do Governo Federal;Orçamento Seguridade Social;Contrib. Partic. Seguro DPVAT;2312,230115;0,000330123
2018;Tributos do Governo Federal;Orçamento Seguridade Social;Contribuições Rurais;670,7352073;9,58E-05
2018;Tributos do Governo Federal;Demais - Governo Federal;Demais;182494,6205;0,026055247
2018;Tributos do Governo Federal;Demais - Governo Federal;Contribuição para o FGTS;125907,9945;0,017976222
2018;Tributos do Governo Federal;Demais - Governo Federal;Salário Educação;21979,37187;0,003138054
2018;Tributos do Governo Federal;Demais - Governo Federal;Contribuições para o Sistema S;19820,13366;0,002829774
2018;Tributos do Governo Federal;Demais - Governo Federal;Cide Combustíveis;3928,130589;0,00056083
2018;Tributos do Governo Federal;Demais - Governo Federal;Cide Remessas;4096,985344;0,000584938
2018;Tributos do Governo Federal;Demais - Governo Federal;Outras Contribuições Federais;4145,023869;0,000591796
2018;Tributos do Governo Federal;Demais - Governo Federal;Contr. s/ Rec. Empr. Telecomun.;1440,319582;0,000205638
2018;Tributos do Governo Federal;Demais - Governo Federal;Dívida Ativa Outros Trib. e Contrib.;0,37652663;5,38E-08
2018;Tributos do Governo Federal;Demais - Governo Federal;Contrib. S/Rec.Concess.Permiss.Energ.Elet.;1038,127793;0,000148216
2018;Tributos do Governo Federal;Demais - Governo Federal;Cota-Parte Contrib. Sindical;138,1567739;1,97E-05
2018;Tributos do Governo Estadual;Governo Estadual;Tributos do Governo Estadual;585458,3865;0,083587464
2018;Tributos do Governo Estadual;Governo Estadual;ICMS;479310,4651;0,068432441
2018;Tributos do Governo Estadual;Governo Estadual;IPVA;43120,20103;0,006156387
2018;Tributos do Governo Estadual;Governo Estadual;ITCD;7330,032802;0,001046528
2018;Tributos do Governo Estadual;Governo Estadual;Contrib. Regime Próprio Previd. Est.;34583,94043;0,004937642
2018;Tributos do Governo Estadual;Governo Estadual;Outros Tributos Estaduais;21113,74713;0,003014466
2018;Tributos do Governo Municipal;Governo Municipal;Tributos do Governo Municipal;149271,9074;0,021311951
2018;Tributos do Governo Municipal;Governo Municipal;ISS;62080,70419;0,008863429
2018;Tributos do Governo Municipal;Governo Municipal;IPTU;43840,56092;0,006259234
2018;Tributos do Governo Municipal;Governo Municipal;ITBI;11011,98613;0,001572211
2018;Tributos do Governo Municipal;Governo Municipal;Contrib. Regime Próprio Previd. Mun.;12475,84568;0,00178121
2018;Tributos do Governo Municipal;Governo Municipal;Outros Tributos Municipais;19862,8105;0,002835867
2019;Total dos Tributos União;União;Total da Receita Tributária;2403946,303;0,325335456
2019;Tributos do Governo Federal;Orçamento Fiscal;Tributos do Governo Federal;1614697,644;0,218523348
2019;Tributos do Governo Federal;Orçamento Fiscal;Orçamento Fiscal;609159,9091;0,082439993
2019;Tributos do Governo Federal;Orçamento Fiscal;Imposto de Renda - Total;457519,9264;0,061917961
2019;Tributos do Governo Federal;Orçamento Fiscal;Imposto de Renda - Pessoas Físicas;37699,79849;0,005102061
2019;Tributos do Governo Federal;Orçamento Fiscal;Imposto de Renda - Pessoas Jurídicas;127130,3376;0,017205046
2019;Tributos do Governo Federal;Orçamento Fiscal;Imposto de Renda - Retido na Fonte;292689,7903;0,039610854
2019;Tributos do Governo Federal;Orçamento Fiscal;Imposto sobre Produtos Industrializados;52439,90167;0,007096897
2019;Tributos do Governo Federal;Orçamento Fiscal;Imposto sobre Operações Financeiras;40945,03271;0,005541251
2019;Tributos do Governo Federal;Orçamento Fiscal;Impostos sobre o Comércio Exterior;42932,79302;0,005810263
2019;Tributos do Governo Federal;Orçamento Fiscal;Taxas Federais;6611,471978;0,000894756
2019;Tributos do Governo Federal;Orçamento Fiscal;Cota-Parte Ad Fr. Ren. Mar. Mercante;3230,771028;0,000437233
2019;Tributos do Governo Federal;Orçamento Fiscal;Contrib. Custeio Pensões Militares;3850,273624;0,000521073
2019;Tributos do Governo Federal;Orçamento Fiscal;Imposto Territorial Rural;1629,738606;0,000220559
2019;Tributos do Governo Federal;Orçamento Seguridade Social;Orçamento Seguridade Social;816618,237;0,11051614
2019;Tributos do Governo Federal;Orçamento Seguridade Social;Contribuição para a Previdência Social;396321,1849;0,053635696
2019;Tributos do Governo Federal;Orçamento Seguridade Social;Cofins;237371,8899;0,032124466
2019;Tributos do Governo Federal;Orçamento Seguridade Social;Contribuição Social sobre o Lucro Líquido;80374,30886;0,01087737
2019;Tributos do Governo Federal;Orçamento Seguridade Social;Contribuição para o PIS/Pasep;64016,41539;0,008663592
2019;Tributos do Governo Federal;Orçamento Seguridade Social;Contrib. Seg. Soc. Servidor Público - CPSS;33290,32614;0,00450531
2019;Tributos do Governo Federal;Orçamento Seguridade Social;Contrib. s/ Receita de Concursos e Progn.;2802,452556;0,000379267
2019;Tributos do Governo Federal;Orçamento Seguridade Social;Contrib. Partic. Seguro DPVAT;1027,23105;0,000139019
2019;Tributos do Governo Federal;Orçamento Seguridade Social;Contribuições Rurais;1414,428246;0,00019142
2019;Tributos do Governo Federal;Demais - Governo Federal;Demais;188919,4979;0,025567215
2019;Tributos do Governo Federal;Demais - Governo Federal;Contribuição para o FGTS;134006,5525;0,018135631
2019;Tributos do Governo Federal;Demais - Governo Federal;Salário Educação;21977,49568;0,0029743
2019;Tributos do Governo Federal;Demais - Governo Federal;Contribuições para o Sistema S;20549,22;0,002781006
2019;Tributos do Governo Federal;Demais - Governo Federal;Cide Combustíveis;2775,674653;0,000375643
2019;Tributos do Governo Federal;Demais - Governo Federal;Cide Remessas;5127,152589;0,000693878
2019;Tributos do Governo Federal;Demais - Governo Federal;Outras Contribuições Federais;2005,45021;0,000271405
2019;Tributos do Governo Federal;Demais - Governo Federal;Contr. s/ Rec. Empr. Telecomun.;1392,255319;0,000188419
2019;Tributos do Governo Federal;Demais - Governo Federal;Dívida Ativa Outros Trib. e Contrib.;0,05045163;6,83E-09
2019;Tributos do Governo Federal;Demais - Governo Federal;Contrib. S/Rec.Concess.Permiss.Energ.Elet.;1066,567254;0,000144343
2019;Tributos do Governo Federal;Demais - Governo Federal;Cota-Parte Contrib. Sindical;19,07922775;2,58E-06
2019;Tributos do Governo Estadual;Governo Estadual;Tributos do Governo Estadual;622477,264;0,084242283
2019;Tributos do Governo Estadual;Governo Estadual;ICMS;507053,0611;0,068621474
2019;Tributos do Governo Estadual;Governo Estadual;IPVA;46141,33801;0,006244488
2019;Tributos do Governo Estadual;Governo Estadual;ITCD;8582,40824;0,001161491
2019;Tributos do Governo Estadual;Governo Estadual;Contrib. Regime Próprio Previd. Est.;35373,65608;0,004787255
2019;Tributos do Governo Estadual;Governo Estadual;Outros Tributos Estaduais;25326,80054;0,003427575
2019;Tributos do Governo Municipal;Governo Municipal;Tributos do Governo Municipal;166771,3945;0,022569825
2019;Tributos do Governo Municipal;Governo Municipal;ISS;70418,87562;0,009530062
2019;Tributos do Governo Municipal;Governo Municipal;IPTU;47728,82253;0,006459328
2019;Tributos do Governo Municipal;Governo Municipal;ITBI;12343,88606;0,001670546
2019;Tributos do Governo Municipal;Governo Municipal;Contrib. Regime Próprio Previd. Mun.;14118,6248;0,001910729
2019;Tributos do Governo Municipal;Governo Municipal;Outros Tributos Municipais;22161,18551;0,00299916
2020;Total dos Tributos União;União;Total da Receita Tributária;2352331,928;0,309127005
2020;Tributos do Governo Federal;Orçamento Fiscal;Tributos do Governo Federal;1559032,495;0,204877143
2020;Tributos do Governo Federal;Orçamento Fiscal;Orçamento Fiscal;590285,7324;0,077571221
2020;Tributos do Governo Federal;Orçamento Fiscal;Imposto de Renda - Total;448275,3214;0,058909207
2020;Tributos do Governo Federal;Orçamento Fiscal;Imposto de Renda - Pessoas Físicas;39700,93002;0,005217218
2020;Tributos do Governo Federal;Orçamento Fiscal;Imposto de Renda - Pessoas Jurídicas;122679,4828;0,016121679
2020;Tributos do Governo Federal;Orçamento Fiscal;Imposto de Renda - Retido na Fonte;285894,9085;0,037570309
2020;Tributos do Governo Federal;Orçamento Fiscal;Imposto sobre Produtos Industrializados;55894,35352;0,007345245
2020;Tributos do Governo Federal;Orçamento Fiscal;Imposto sobre Operações Financeiras;21949,20732;0,002884411
2020;Tributos do Governo Federal;Orçamento Fiscal;Impostos sobre o Comércio Exterior;45721,89815;0,006008452
2020;Tributos do Governo Federal;Orçamento Fiscal;Taxas Federais;4431,161539;0,000582312
2020;Tributos do Governo Federal;Orçamento Fiscal;Cota-Parte Ad Fr. Ren. Mar. Mercante;5208,388412;0,00068445
2020;Tributos do Governo Federal;Orçamento Fiscal;Contrib. Custeio Pensões Militares;7044,459765;0,000925734
2020;Tributos do Governo Federal;Orçamento Fiscal;Imposto Territorial Rural;1760,942309;0,000231411
2020;Tributos do Governo Federal;Orçamento Seguridade Social;Orçamento Seguridade Social;789160,3529;0,103705933
2020;Tributos do Governo Federal;Orçamento Seguridade Social;Contribuição para a Previdência Social;387710,5129;0,050950203
2020;Tributos do Governo Federal;Orçamento Seguridade Social;Cofins;218602,4769;0,028727208
2020;Tributos do Governo Federal;Orçamento Seguridade Social;Contribuição Social sobre o Lucro Líquido;77352,13439;0,010165076
2020;Tributos do Governo Federal;Orçamento Seguridade Social;Contribuição para o PIS/Pasep;61312,37895;0,008057244
2020;Tributos do Governo Federal;Orçamento Seguridade Social;Contrib. Seg. Soc. Servidor Público - CPSS;39625,27592;0,005207277
2020;Tributos do Governo Federal;Orçamento Seguridade Social;Contrib. s/ Receita de Concursos e Progn.;2904,202286;0,00038165
2020;Tributos do Governo Federal;Orçamento Seguridade Social;Contrib. Partic. Seguro DPVAT;173,4684951;2,28E-05
2020;Tributos do Governo Federal;Orçamento Seguridade Social;Contribuições Rurais;1479,903021;0,000194479
2020;Tributos do Governo Federal;Demais - Governo Federal;Demais;179586,4098;0,02359999
2020;Tributos do Governo Federal;Demais - Governo Federal;Contribuição para o FGTS;127309,9514;0,016730183
2020;Tributos do Governo Federal;Demais - Governo Federal;Salário Educação;21085,80956;0,00277095
2020;Tributos do Governo Federal;Demais - Governo Federal;Contribuições para o Sistema S;18970,41573;0,002492959
2020;Tributos do Governo Federal;Demais - Governo Federal;Cide Combustíveis;1985,591912;0,000260933
2020;Tributos do Governo Federal;Demais - Governo Federal;Cide Remessas;5899,686401;0,000775296
2020;Tributos do Governo Federal;Demais - Governo Federal;Outras Contribuições Federais;1808,803143;0,0002377
2020;Tributos do Governo Federal;Demais - Governo Federal;Contr. s/ Rec. Empr. Telecomun.;1356,874673;0,000178311
2020;Tributos do Governo Federal;Demais - Governo Federal;Dívida Ativa Outros Trib. e Contrib.;-7,98532531;-1,05E-06
2020;Tributos do Governo Federal;Demais - Governo Federal;Contrib. S/Rec.Concess.Permiss.Energ.Elet.;1119,411162;0,000147105
2020;Tributos do Governo Federal;Demais - Governo Federal;Cota-Parte Contrib. Sindical;57,85115925;7,60E-06
2020;Tributos do Governo Estadual;Governo Estadual;Tributos do Governo Estadual;635111,4124;0,083461899
2020;Tributos do Governo Estadual;Governo Estadual;ICMS;522690,3692;0,068688312
2020;Tributos do Governo Estadual;Governo Estadual;IPVA;48177,84663;0,006331196
2020;Tributos do Governo Estadual;Governo Estadual;ITCD;8521,225141;0,0011198
2020;Tributos do Governo Estadual;Governo Estadual;Contrib. Regime Próprio Previd. Est.;33552,46468;0,00440923
2020;Tributos do Governo Estadual;Governo Estadual;Outros Tributos Estaduais;22169,50682;0,002913361
2020;Tributos do Governo Municipal;Governo Municipal;Tributos do Governo Municipal;158188,0204;0,020787963
2020;Tributos do Governo Municipal;Governo Municipal;ISS;66795,73345;0,008777828
2020;Tributos do Governo Municipal;Governo Municipal;IPTU;44963,55659;0,005908796
2020;Tributos do Governo Municipal;Governo Municipal;ITBI;13289,86328;0,001746461
2020;Tributos do Governo Municipal;Governo Municipal;Contrib. Regime Próprio Previd. Mun.;15069,01304;0,001980264
2020;Tributos do Governo Municipal;Governo Municipal;Outros Tributos Municipais;18069,85401;0,002374614
2021;Total dos Tributos União;União;Total da Receita Tributária;2931744,592;0,329456628
2021;Tributos do Governo Federal;Orçamento Fiscal;Tributos do Governo Federal;1942372,212;0,218275289
2021;Tributos do Governo Federal;Orçamento Fiscal;Orçamento Fiscal;796368,439;0,0894924
2021;Tributos do Governo Federal;Orçamento Fiscal;Imposto de Renda - Total;585629,528;0,065810484
2021;Tributos do Governo Federal;Orçamento Fiscal;Imposto de Renda - Pessoas Físicas;53788,3399;0,006044498
2021;Tributos do Governo Federal;Orçamento Fiscal;Imposto de Renda - Pessoas Jurídicas;210058,0321;0,023605402
2021;Tributos do Governo Federal;Orçamento Fiscal;Imposto de Renda - Retido na Fonte;321783,156;0,036160583
2021;Tributos do Governo Federal;Orçamento Fiscal;Imposto sobre Produtos Industrializados;70413,55808;0,007912768
2021;Tributos do Governo Federal;Orçamento Fiscal;Imposto sobre Operações Financeiras;49023,80965;0,005509081
2021;Tributos do Governo Federal;Orçamento Fiscal;Impostos sobre o Comércio Exterior;62036,126;0,006971348
2021;Tributos do Governo Federal;Orçamento Fiscal;Taxas Federais;5567,194872;0,000625617
2021;Tributos do Governo Federal;Orçamento Fiscal;Cota-Parte Ad Fr. Ren. Mar. Mercante;13071,78149;0,00146895
2021;Tributos do Governo Federal;Orçamento Fiscal;Contrib. Custeio Pensões Militares;8459,509116;0,000950643
2021;Tributos do Governo Federal;Orçamento Fiscal;Imposto Territorial Rural;2166,931725;0,00024351
2021;Tributos do Governo Federal;Orçamento Seguridade Social;Orçamento Seguridade Social;947486,8735;0,106474429
2021;Tributos do Governo Federal;Orçamento Seguridade Social;Contribuição para a Previdência Social;445184,7537;0,050027915
2021;Tributos do Governo Federal;Orçamento Seguridade Social;Cofins;269704,7811;0,030308243
2021;Tributos do Governo Federal;Orçamento Seguridade Social;Contribuição Social sobre o Lucro Líquido;112468,8099;0,012638753
2021;Tributos do Governo Federal;Orçamento Seguridade Social;Contribuição para o PIS/Pasep;74484,32538;0,008370223
2021;Tributos do Governo Federal;Orçamento Seguridade Social;Contrib. Seg. Soc. Servidor Público - CPSS;40848,15;0,004590336
2021;Tributos do Governo Federal;Orçamento Seguridade Social;Contrib. s/ Receita de Concursos e Progn.;3085,00078;0,000346679
2021;Tributos do Governo Federal;Orçamento Seguridade Social;Contrib. Partic. Seguro DPVAT;13,09218269;1,47E-06
2021;Tributos do Governo Federal;Orçamento Seguridade Social;Contribuições Rurais;1697,96039;0,000190809
2021;Tributos do Governo Federal;Demais - Governo Federal;Demais;198516,8993;0,02230846
2021;Tributos do Governo Federal;Demais - Governo Federal;Contribuição para o FGTS;137193,0034;0,015417149
2021;Tributos do Governo Federal;Demais - Governo Federal;Salário Educação;23832,98444;0,002678246
2021;Tributos do Governo Federal;Demais - Governo Federal;Contribuições para o Sistema S;23102,76;0,002596187
2021;Tributos do Governo Federal;Demais - Governo Federal;Cide Combustíveis;1924,31822;0,000216246
2021;Tributos do Governo Federal;Demais - Governo Federal;Cide Remessas;7584,749096;0,000852341
2021;Tributos do Governo Federal;Demais - Governo Federal;Outras Contribuições Federais;2048,74301;0,000230229
2021;Tributos do Governo Federal;Demais - Governo Federal;Contr. s/ Rec. Empr. Telecomun.;1339,794235;0,00015056
2021;Tributos do Governo Federal;Demais - Governo Federal;Dívida Ativa Outros Trib. e Contrib.;0,27250904;3,06E-08
2021;Tributos do Governo Federal;Demais - Governo Federal;Contrib. S/Rec.Concess.Permiss.Energ.Elet.;1482,512474;0,000166598
2021;Tributos do Governo Federal;Demais - Governo Federal;Cota-Parte Contrib. Sindical;7,76194926;8,72E-07
2021;Tributos do Governo Estadual;Governo Estadual;Tributos do Governo Estadual;790017,7706;0,08877874
2021;Tributos do Governo Estadual;Governo Estadual;ICMS;652283,5885;0,073300775
2021;Tributos do Governo Estadual;Governo Estadual;IPVA;51761,55176;0,005816737
2021;Tributos do Governo Estadual;Governo Estadual;ITCD;12329,58924;0,001385545
2021;Tributos do Governo Estadual;Governo Estadual;Contrib. Regime Próprio Previd. Est.;45441,43202;0,005106509
2021;Tributos do Governo Estadual;Governo Estadual;Outros Tributos Estaduais;28201,60907;0,003169173
2021;Tributos do Governo Municipal;Governo Municipal;Tributos do Governo Municipal;199354,6101;0,022402599
2021;Tributos do Governo Municipal;Governo Municipal;ISS;88694,05711;0,00996705
2021;Tributos do Governo Municipal;Governo Municipal;IPTU;55898,79301;0,006281662
2021;Tributos do Governo Municipal;Governo Municipal;ITBI;20575,84881;0,002312224
2021;Tributos do Governo Municipal;Governo Municipal;Contrib. Regime Próprio Previd. Mun.;17749,81225;0,001994646
2021;Tributos do Governo Municipal;Governo Municipal;Outros Tributos Municipais;16436,09888;0,001847017
